S. No.,compname,isin,fincode,sub_sector,sector,Week,Symbols
1,Aegis Logistics Ltd.,INE208C01025,100003,Logistics,Logistics,1,
2,Amara Raja Batteries Ltd.,INE885A01032,100008,Batteries,Automobile & Ancillaries,1,
3,Bajaj Electricals Ltd.,INE193E01025,100031,Consumer Durables - Domestic Appliances,Consumer Durables,1,
4,Ambalal Sarabhai Enterprises Ltd.,INE432A01017,100009,Pharmaceuticals & Drugs,Healthcare,1,
5,Bhansali Engineering Polymers Ltd.,INE922A01025,100052,Chemicals,Chemicals,1,
6,Andhra Petrochemicals Ltd.,INE714B01016,100012,Chemicals,Chemicals,1,
7,Utique Enterprises Ltd.,INE096A01010,100014,Finance - Investment,Finance,1,
8,Aruna Hotels Ltd.,INE957C01019,100016,"Hotel, Resort & Restaurants",Hospitality,1,
9,BASF India Ltd.,INE373A01013,100042,Pesticides & Agrochemicals,Chemicals,1,
10,Bannari Amman Sugars Ltd.,INE459A01010,100041,Sugar,Agri,1,
11,Balrampur Chini Mills Ltd.,INE119A01028,100038,Sugar,Agri,1,
12,Force Motors Ltd.,INE451A01017,100033,Automobiles-Trucks/Lcv,Automobile & Ancillaries,1,
13,ATV Projects India Ltd.,INE447A01015,100028,Engineering - Industrial Equipments,Capital Goods,1,
14,Housing Development Finance Corporation Ltd.,INE001A01036,100010,Finance - Housing,Finance,1,
15,Banco Products (India) Ltd.,INE213C01025,100039,Auto Ancillary,Automobile & Ancillaries,1,
16,Bata India Ltd.,INE176A01028,100043,Retailing,Retailing,1,
17,Bajaj Hindusthan Sugar Ltd.,INE306A01021,100032,Sugar,Agri,1,
18,Bajaj Finance Ltd.,INE296A01024,100034,Finance - NBFC,Finance,1,
19,Bharat Electronics Ltd.,INE263A01024,100049,Engineering - Industrial Equipments,Capital Goods,1,
20,Century Textiles & Industries Ltd.,INE055A01016,100040,Diversified,Diversified,1,
21,Bihar Sponge Iron Ltd.,INE819C01011,100058,Steel/Sponge Iron/Pig Iron,Iron & Steel,1,
22,Chambal Fertilisers and Chemicals Ltd.,INE085A01013,100085,Fertilizers,Chemicals,1,
23,Exide Industries Ltd.,INE302A01020,100086,Batteries,Automobile & Ancillaries,1,
24,Dalmia Bharat Sugar And Industries Ltd.,INE495A01022,100097,Sugar,Agri,1,
25,BPL Ltd.,INE110A01019,100074,Electronics - Components,Electricals,1,
26,Steel Authority Of India Ltd.,INE114A01011,100113,Steel & Iron Products,Iron & Steel,1,
27,CG Power and Industrial Solutions Ltd.,INE067A01029,100093,Electric Equipment,Capital Goods,1,
28,Titan Company Ltd.,INE280A01028,100114,Diamond  &  Jewellery,Diamond  &  Jewellery,1,
29,Dabur India Ltd.,INE016A01026,100096,Household & Personal Products,FMCG,1,
30,Mangalore Refinery And Petrochemicals Ltd.,INE103A01014,100109,Refineries,Crude Oil,1,
31,DIC India Ltd.,INE303A01010,100089,Chemicals,Chemicals,1,
32,CRISIL Ltd.,INE007A01025,100092,Ratings,Ratings,1,
33,Quest Capital Markets Ltd.,INE418C01012,100069,Finance - NBFC,Finance,1,
34,Century Extrusions Ltd.,INE281A01026,100083,Aluminium & Aluminium Products,Non - Ferrous Metals,1,
35,CESC Ltd.,INE486A01021,100084,Power Generation/Distribution,Power,1,
36,Cipla Ltd.,INE059A01026,100087,Pharmaceuticals & Drugs,Healthcare,1,
37,Ballarpur Industries Ltd.,INE294A01037,100102,Paper & Paper Products,Paper,1,
38,Bharat Heavy Electricals Ltd.,INE257A01026,100103,Engineering - Industrial Equipments,Capital Goods,1,
39,Blue Star Ltd.,INE472A01039,100067,Air Conditioners,Consumer Durables,1,
40,IFCI Ltd.,INE039A01010,100106,Finance Term Lending,Finance,1,
41,Mahanagar Telephone Nigam Ltd.,INE153A01019,100108,Telecommunication - Service  Provider,Telecom,1,
42,Disa India Ltd.,INE131C01011,100068,Engineering - Industrial Equipments,Capital Goods,1,
43,Arvind Ltd.,INE034A01011,100101,Textile,Textile,1,
44,Reliance Capital Ltd.,INE013A01015,100111,Finance - NBFC,Finance,1,
45,State Bank Of India,INE062A01020,100112,Bank - Public,Bank,1,
46,Chennai Petroleum Corporation Ltd.,INE178A01016,100110,Refineries,Crude Oil,1,
47,Goodyear India Ltd.,INE533A01012,100168,Tyres & Allied,Automobile & Ancillaries,1,
48,GHCL Ltd.,INE539A01019,100171,Chemicals,Chemicals,1,
49,Diamines & Chemicals Ltd.,INE591D01014,100120,Chemicals,Chemicals,1,
50,Godfrey Phillips India Ltd.,INE260B01028,100163,Cigarettes/Tobacco,FMCG,1,
51,Godrej Industries Ltd.,INE233A01035,100164,Chemicals,Chemicals,1,
52,Procter & Gamble Health Ltd.,INE199A01012,100126,Pharmaceuticals & Drugs,Healthcare,1,
53,Electrosteel Castings Ltd.,INE086A01029,100128,Castings/Forgings,Automobile & Ancillaries,1,
54,Dr. Reddy's Laboratories Ltd.,INE089A01023,100124,Pharmaceuticals & Drugs,Healthcare,1,
55,EPL Ltd.,INE255A01020,100135,Plastic Products,Plastic Products,1,
56,Ester Industries Ltd.,INE778B01029,100136,Plastic Products,Plastic Products,1,
57,E.I.D. - Parry (India) Ltd.,INE126A01031,100125,Sugar,Agri,1,
58,FGP Ltd.,INE512A01016,100142,Miscellaneous,Miscellaneous,1,
59,PH Capital Ltd.,INE160F01013,100143,Finance - Investment,Finance,1,
60,John Cockrill India Ltd.,INE515A01019,100147,Engineering - Industrial Equipments,Capital Goods,1,
61,Uflex Ltd.,INE516A01017,100148,Packaging,FMCG,1,
62,Foseco India Ltd.,INE519A01011,100150,Chemicals,Chemicals,1,
63,Ganesh Benzoplast Ltd.,INE388A01029,100153,Chemicals,Chemicals,1,
64,GTL Ltd.,INE043A01012,100160,Telecommunication - Service  Provider,Telecom,1,
65,Metroglobal Ltd.,INE085D01033,100159,Trading,Trading,1,
66,GFL Ltd.,INE538A01037,100173,Chemicals,Chemicals,1,
67,Golden Tobacco Ltd.,INE973A01010,100151,Cigarettes/Tobacco,FMCG,1,
68,Goodricke Group Ltd.,INE300A01016,100166,Tea/Coffee,Agri,1,
69,Esab India Ltd.,INE284A01012,100133,Electrodes & Welding Equipment,Capital Goods,1,
70,GTN Industries Ltd.,INE537A01013,100170,Textile - Spinning,Textile,1,
71,Finolex Cables Ltd.,INE235A01022,100144,Cable,Electricals,1,
72,Sun Retail Ltd.,INE206Z01020,288975,Trading,Trading,1,
73,HFCL Ltd.,INE548A01028,100183,Telecommunication - Equipment,Telecom,1,
74,Consolidated Finvest & Holdings Ltd.,INE025A01027,100226,Finance - NBFC,Finance,1,
75,Jindal Poly Films Ltd.,INE197D01010,100227,Plastic Products,Plastic Products,1,
76,JSW Steel Ltd.,INE019A01038,100228,Steel & Iron Products,Iron & Steel,1,
77,Umang Dairies Ltd.,INE864B01027,100231,Consumer Food,FMCG,1,
78,Mindpool Technologies Ltd.,INE00RQ01019,289754,IT - Software,IT,1,
79,LIC Housing Finance Ltd.,INE115A01026,100253,Finance - Housing,Finance,1,
80,Lyka Labs Ltd.,INE933A01014,100259,Pharmaceuticals & Drugs,Healthcare,1,
81,Kirloskar Ferrous Industries Ltd.,INE884B01025,100245,Castings/Forgings,Automobile & Ancillaries,1,
82,Lupin Ltd.,INE326A01037,100257,Pharmaceuticals & Drugs,Healthcare,1,
83,KG Denim Ltd.,INE104A01012,100239,Textile - Weaving,Textile,1,
84,Kanel Industries Ltd.,INE252C01015,100236,Agriculture,Agri,1,
85,Kirloskar Brothers Ltd.,INE732A01036,100241,Engineering - Industrial Equipments,Capital Goods,1,
86,Maharashtra Scooters Ltd.,INE288A01013,100266,Auto Ancillary,Automobile & Ancillaries,1,
87,Envair Electrodyne Ltd.,INE601C01013,100246,Engineering - Industrial Equipments,Capital Goods,1,
88,The Ramco Cements Ltd.,INE331A01037,100260,Cement & Construction Materials,Construction Materials,1,
89,Trent Ltd.,INE849A01020,100251,Retailing,Retailing,1,
90,LG Balakrishnan & Bros Ltd.,INE337A01034,100250,Auto Ancillary,Automobile & Ancillaries,1,
91,Majestic Auto Ltd.,INE201B01022,100267,Electric Equipment,Capital Goods,1,
92,Krishna Filament Industries Ltd.,INE073A01019,100248,Plastic Products,Plastic Products,1,
93,Kirloskar Industries Ltd.,INE250A01039,100243,Engineering - Industrial Equipments,Capital Goods,1,
94,Mirc Electronics Ltd.,INE831A01028,100279,Consumer Durables - Electronics,Consumer Durables,1,
95,Whirlpool Of India Ltd.,INE716A01013,100238,Consumer Durables - Domestic Appliances,Consumer Durables,1,
96,Lakshmi Machine Works Ltd.,INE269B01029,100252,Textile - Machinery,Textile,1,
97,Kinetic Engineering Ltd.,INE266B01017,100240,Auto Ancillary,Automobile & Ancillaries,1,
98,Mafatlal Industries Ltd.,INE270B01027,100264,Textile,Textile,1,
99,Kalyani Steels Ltd.,INE907A01026,100235,Steel & Iron Products,Iron & Steel,1,
100,Max Financial Services Ltd.,INE180A01020,100271,Finance - Others,Finance,1,
101,Mid India Industries Ltd.,INE401C01018,100277,Textile - Spinning,Textile,1,
102,Kotak Mahindra Bank Ltd.,INE237A01028,100247,Bank - Private,Bank,1,
103,Oswal Agro Mills Ltd.,INE142A01012,100317,Trading,Trading,1,
104,Vedanta Ltd.,INE205A01025,100295,Metal - Non Ferrous,Non - Ferrous Metals,1,
105,SpiceJet Ltd.,INE285B01017,100285,Airlines,Aviation,1,
106,NCC Ltd.,INE868B01028,100294,Engineering - Construction,Infrastructure,1,
107,Oriental Hotels Ltd.,INE750A01020,100314,"Hotel, Resort & Restaurants",Hospitality,1,
108,NIIT Ltd.,INE161A01038,100304,IT - Education,IT,1,
109,Oil Country Tubular Ltd.,INE591A01010,100313,Steel & Iron Products,Iron & Steel,1,
110,Grasim Industries Ltd.,INE047A01021,100300,Diversified,Diversified,1,
111,MRF Ltd.,INE883A01011,100290,Tyres & Allied,Automobile & Ancillaries,1,
112,Nirlon Ltd.,INE910A01012,100307,Engineering - Construction,Infrastructure,1,
113,Jaykay Enterprises Ltd.,INE903A01025,100306,Miscellaneous,Miscellaneous,1,
114,Heidelberg Cement India Ltd.,INE578A01017,100292,Cement & Construction Materials,Construction Materials,1,
115,Lords Chloro Alkali Ltd.,INE846D01012,100284,Chemicals,Chemicals,1,
116,Oil & Natural Gas Corporation Ltd.,INE213A01029,100312,Oil Exploration,Crude Oil,1,
117,Nahar Spinning Mills Ltd.,INE290A01027,100296,Textile - Spinning,Textile,1,
118,Piramal Enterprises Ltd.,INE140A01024,100302,Pharmaceuticals & Drugs,Healthcare,1,
119,Indian Sucrose Ltd.,INE557C01017,100319,Sugar,Agri,1,
120,Shree Krishna Paper Mills & Industries Ltd.,INE970C01012,100388,Paper & Paper Products,Paper,1,
121,Surya Roshni Ltd.,INE335A01012,100336,Diversified,Diversified,1,
122,Prime Securities Ltd.,INE032B01021,100337,Finance - Stock Broking,Finance,1,
123,Pidilite Industries Ltd.,INE318A01026,100331,Chemicals,Chemicals,1,
124,Rain Industries Ltd.,INE855B01025,100339,Petrochemicals,Crude Oil,1,
125,RSWM Ltd.,INE611A01016,100350,Textile,Textile,1,
126,Rallis India Ltd.,INE613A01020,100355,Pesticides & Agrochemicals,Chemicals,1,
127,Rapicut Carbides Ltd.,INE350D01015,100360,Engineering - Industrial Equipments,Capital Goods,1,
128,Rajshree Sugars & Chemicals Ltd.,INE562B01019,100354,Sugar,Agri,1,
129,Prism Johnson Ltd.,INE010A01011,100338,Cement & Construction Materials,Construction Materials,1,
130,Shree Rama Newsprint Ltd.,INE278B01020,100356,Paper & Paper Products,Paper,1,
131,Rama Paper Mills Ltd.,INE425E01013,100357,Paper & Paper Products,Paper,1,
132,Rolta India Ltd.,INE293A01013,100366,IT - Software,IT,1,
133,Welspun Specialty Solutions Ltd.,INE731F01037,100365,Steel & Iron Products,Iron & Steel,1,
134,Rubfila International Ltd.,INE642C01025,100367,Rubber  Products,Agri,1,
135,Shree Cement Ltd.,INE070A01015,100387,Cement & Construction Materials,Construction Materials,1,
136,Salora International Ltd.,INE924A01013,100370,Trading,Trading,1,
137,AMJ Land Holdings Ltd.,INE606A01024,100343,Construction - Real Estate,Realty,1,
138,JK Lakshmi Cement Ltd.,INE786A01032,100380,Cement & Construction Materials,Construction Materials,1,
139,Thirumalai Chemicals Ltd.,INE338A01024,100412,Chemicals,Chemicals,1,
140,Uniphos Enterprises Ltd.,INE037A01022,100429,Trading,Trading,1,
141,Thermax Ltd.,INE152A01029,100411,Engineering - Industrial Equipments,Capital Goods,1,
142,Sunflag Iron And Steel Company Ltd.,INE947A01014,100404,Steel & Iron Products,Iron & Steel,1,
143,MPIL Corporation Ltd.,INE844C01027,100450,Miscellaneous,Miscellaneous,1,
144,SPML Infra Ltd.,INE937A01023,100402,Engineering - Construction,Infrastructure,1,
145,Swaraj Engines Ltd.,INE277A01016,100407,Diesel Engines,Automobile & Ancillaries,1,
146,Torrent Pharmaceuticals Ltd.,INE685A01028,100420,Pharmaceuticals & Drugs,Healthcare,1,
147,Supreme Petrochem Ltd.,INE663A01025,100405,Chemicals,Chemicals,1,
148,West Coast Paper Mills Ltd.,INE976A01021,100444,Paper & Paper Products,Paper,1,
149,Thomas Cook (India) Ltd.,INE332A01027,100413,Travel Services,Hospitality,1,
150,Tata Power Company Ltd.,INE245A01021,100400,Power Generation/Distribution,Power,1,
151,Tokyo Plast International Ltd.,INE932C01012,100418,Plastic Products,Plastic Products,1,
152,Transchem Ltd.,INE019B01010,100422,Agriculture,Agri,1,
153,Ambuja Cements Ltd.,INE079A01024,100425,Cement & Construction Materials,Construction Materials,1,
154,Hindalco Industries Ltd.,INE038A01020,100440,Metal - Non Ferrous,Non - Ferrous Metals,1,
155,Vardhman Holdings Ltd.,INE701A01023,100439,Finance - NBFC,Finance,1,
156,Hindustan Organic Chemicals Ltd.,INE048A01011,100449,Chemicals,Chemicals,1,
157,Pasupati Acrylon Ltd.,INE818B01023,100456,Textile - Manmade  Fibres,Textile,1,
158,Larsen & Toubro Ltd.,INE018A01030,100510,Engineering - Construction,Infrastructure,1,
159,Kore Foods Ltd.,INE601A01017,100458,Consumer Food,FMCG,1,
160,Premier Ltd.,INE342A01018,100540,Engineering - Industrial Equipments,Capital Goods,1,
161,Cummins India Ltd.,INE298A01020,100480,Diesel Engines,Automobile & Ancillaries,1,
162,Deepak Fertilisers And Petrochemicals Corporation Ltd.,INE501A01019,100645,Fertilizers,Chemicals,1,
163,Harrisons Malayalam Ltd.,INE544A01019,100467,Agriculture,Agri,1,
164,SKF India Ltd.,INE640A01023,100472,Bearings,Automobile & Ancillaries,1,
165,Black Box Ltd.,INE676A01027,100463,Telecommunication - Equipment,Telecom,1,
166,Abbott India Ltd.,INE358A01014,100488,Pharmaceuticals & Drugs,Healthcare,1,
167,Mukand Ltd.,INE304A01026,100460,Steel & Iron Products,Iron & Steel,1,
168,Tata Steel Ltd.,INE081A01020,100470,Steel & Iron Products,Iron & Steel,1,
169,Tata Communications Ltd.,INE151A01013,100483,Telecommunication - Service  Provider,Telecom,1,
170,The Federal Bank Ltd.,INE171A01029,100469,Bank - Private,Bank,1,
171,Tata Motors Ltd.,INE155A01022,100570,Automobiles-Trucks/Lcv,Automobile & Ancillaries,1,
172,Garware Hi-Tech Films Ltd.,INE291A01017,100655,Plastic Products,Plastic Products,1,
173,Bharat Forge Ltd.,INE465A01025,100493,Forgings,Automobile & Ancillaries,1,
174,Bosch Ltd.,INE323A01026,100530,Auto Ancillary,Automobile & Ancillaries,1,
175,Bajaj Holdings & Investment Ltd.,INE118A01012,100490,Finance - NBFC,Finance,1,
176,Escorts Kubota Ltd.,INE042A01014,100495,Automobiles-Tractors,Automobile & Ancillaries,1,
177,Sanofi India Ltd.,INE058A01010,100674,Pharmaceuticals & Drugs,Healthcare,1,
178,The Great Eastern Shipping Company Ltd.,INE017A01032,100620,Shipping,Logistics,1,
179,Bharat Petroleum Corporation Ltd.,INE029A01011,100547,Refineries,Crude Oil,1,
180,Siemens Ltd.,INE003A01024,100550,Electric Equipment,Capital Goods,1,
181,Ucal Fuel Systems Ltd.,INE139B01016,100464,Auto Ancillary,Automobile & Ancillaries,1,
182,Pfizer Ltd.,INE182A01018,100680,Pharmaceuticals & Drugs,Healthcare,1,
183,Excel Industries Ltd.,INE369A01029,100650,Pesticides & Agrochemicals,Chemicals,1,
184,Hindustan Motors Ltd.,INE253A01025,100500,Automobiles - Passenger Cars,Automobile & Ancillaries,1,
185,Nocil Ltd.,INE163A01018,100730,Chemicals,Chemicals,1,
186,Akzo Nobel India Ltd.,INE133A01011,100710,Paints,Chemicals,1,
187,The Indian Hotels Company Ltd.,INE053A01029,100850,"Hotel, Resort & Restaurants",Hospitality,1,
188,Industrial & Prudential Investment Company Ltd.,INE620D01011,101298,Finance - NBFC,Finance,1,
189,Nestle India Ltd.,INE239A01016,100790,Consumer Food,FMCG,1,
190,Finolex Industries Ltd.,INE183A01024,100940,Plastic Products,Plastic Products,1,
191,Castrol India Ltd.,INE172A01027,100870,Lubricants,Automobile & Ancillaries,1,
192,Tata Consumer Products Ltd.,INE192A01025,100800,Tea/Coffee,Agri,1,
193,Tamilnadu Petroproducts Ltd.,INE148A01019,100777,Petrochemicals,Crude Oil,1,
194,Apollo Tyres Ltd.,INE438A01022,100877,Tyres & Allied,Automobile & Ancillaries,1,
195,ITC Ltd.,INE154A01025,100875,Cigarettes/Tobacco,FMCG,1,
196,Tata Chemicals Ltd.,INE092A01019,100770,Chemicals,Chemicals,1,
197,Ceat Ltd.,INE482A01020,100878,Tyres & Allied,Automobile & Ancillaries,1,
198,Modi Rubber Ltd.,INE832A01018,100890,Miscellaneous,Miscellaneous,1,
199,Britannia Industries Ltd.,INE216A01030,100825,Consumer Food,FMCG,1,
200,EIH Ltd.,INE230A01023,100840,"Hotel, Resort & Restaurants",Hospitality,1,
201,Colgate-Palmolive (India) Ltd.,INE259A01022,100830,Household & Personal Products,FMCG,2,
202,Dalal Street Investments Ltd.,INE422D01012,101148,Finance - Investment,Finance,2,
203,Asian Paints Ltd.,INE021A01026,100820,Paints,Chemicals,2,
204,Centrum Capital Ltd.,INE660C01027,101150,Finance - Investment,Finance,2,
205,Sunrise Industrial Traders Ltd.,INE371U01015,101110,Finance - NBFC,Finance,2,
206,Industrial Investment Trust Ltd.,INE886A01014,101295,Finance - NBFC,Finance,2,
207,Jayabharat Credit Ltd.,INE998D01011,101311,Finance - NBFC,Finance,2,
208,Indianivesh Ltd.,INE131H01028,101700,Finance - NBFC,Finance,2,
209,Rapid Investments Ltd.,INE154M01012,101351,Finance - NBFC,Finance,2,
210,Prismx Global Ventures Ltd.,INE286N01028,101314,Finance - Investment,Finance,2,
211,Walchand Peoplefirst Ltd.,INE695D01021,101370,Finance - Investment,Finance,2,
212,WH Brady & Company Ltd.,INE855A01019,101391,Miscellaneous,Miscellaneous,2,
213,TechNVision Ventures Ltd.,INE314H01012,101421,IT - Software,IT,2,
214,Chowgule Steamships Ltd.,INE490A01015,101833,Shipping,Logistics,2,
215,Sagar Cements Ltd.,INE229C01021,102090,Cement & Construction Materials,Construction Materials,2,
216,Global Offshore Services Ltd.,INE446C01013,101848,Shipping,Logistics,2,
217,Muller & Phipps (India) Ltd.,INE003F01015,101477,Household & Personal Products,FMCG,2,
218,Amalgamated Electricity Company Ltd.,INE492N01022,101622,Power Generation/Distribution,Power,2,
219,Bombay Burmah Trading Corporation Ltd.,INE050A01025,101425,Agriculture,Agri,2,
220,Coastal Corporation Ltd.,INE377E01016,101831,Consumer Food,FMCG,2,
221,Shaily Engineering Plastics Ltd.,INE151G01010,101423,Plastic Products,Plastic Products,2,
222,Greaves Cotton Ltd.,INE224A01026,101455,Diesel Engines,Automobile & Ancillaries,2,
223,Dhenu Buildcon Infra Ltd.,INE758D01027,101945,Finance - Stock Broking,Finance,2,
224,Orient Paper & Industries Ltd.,INE592A01026,102420,Paper & Paper Products,Paper,2,
225,Citadel Realty & Developers Ltd.,INE906D01014,102445,Construction - Real Estate,Realty,2,
226,Mangalam Cement Ltd.,INE347A01017,102157,Cement & Construction Materials,Construction Materials,2,
227,Deccan Cements Ltd.,INE583C01021,102137,Cement & Construction Materials,Construction Materials,2,
228,Andhra Paper Ltd.,INE435A01028,102330,Paper & Paper Products,Paper,2,
229,Lerthai Finance Ltd.,INE347D01011,102250,Refractories,Capital Goods,2,
230,Saurashtra Cement Ltd.,INE626A01014,102175,Cement & Construction Materials,Construction Materials,2,
231,NCL Industries Ltd.,INE732C01016,102168,Cement & Construction Materials,Construction Materials,2,
232,Raasi Refractories Ltd.,INE858D01017,102271,Refractories,Capital Goods,2,
233,Borosil Renewables Ltd.,INE666D01022,102219,Glass,Construction Materials,2,
234,Seshasayee Paper and Boards Ltd.,INE630A01024,102450,Paper & Paper Products,Paper,2,
235,Nilachal Refractories Ltd.,INE416N01013,102294,Refractories,Capital Goods,2,
236,Nath Industries Ltd.,INE777A01023,102587,Paper & Paper Products,Paper,2,
237,Rollatainers Ltd.,INE927A01040,102448,Engineering - Industrial Equipments,Capital Goods,2,
238,Balkrishna Industries Ltd.,INE787D01026,102355,Tyres & Allied,Automobile & Ancillaries,2,
239,Shree Bhawani Paper Mills Ltd.,INE688C01010,102563,Paper & Paper Products,Paper,2,
240,Vapi Enterprise Ltd.,INE464D01014,102589,Paper & Paper Products,Paper,2,
241,DCM Ltd.,INE498A01018,102820,Textile - Spinning,Textile,2,
242,Simplex Realty Ltd.,INE167H01014,103229,Construction - Real Estate,Realty,2,
243,HP Cotton Textile Mills Ltd.,INE950C01014,102873,Textile,Textile,2,
244,Jamshri Realty Ltd.,INE462D01026,102901,Textile,Textile,2,
245,Katare Spinning Mills Ltd.,INE498G01015,102933,Textile - Spinning,Textile,2,
246,The Ruby Mills Ltd.,INE301D01026,103169,Textile,Textile,2,
247,Vardhman Textiles Ltd.,INE825A01020,102986,Textile,Textile,2,
248,Gaekwar Mills Ltd.,INE837X01027,102850,Textile - Spinning,Textile,2,
249,Reliance Chemotex Industries Ltd.,INE750D01016,103162,Textile - Spinning,Textile,2,
250,Marathon Nextgen Realty Ltd.,INE182D01020,103101,Construction - Real Estate,Realty,2,
251,Kesoram Industries Ltd.,INE087A01019,102937,Cement & Construction Materials,Construction Materials,2,
252,United Interactive Ltd.,INE706D01018,102893,BPO/ITeS,IT,2,
253,Victoria Mills Ltd.,INE203D01016,103349,Construction - Real Estate,Realty,2,
254,The Phoenix Mills Ltd.,INE211B01039,103100,Construction - Real Estate,Realty,2,
255,Raja Bahadur International Ltd.,INE491N01016,103127,Textile - Spinning,Textile,2,
256,Svaraj Trading & Agencies Ltd.,INE406N01014,103624,Finance - Investment,Finance,2,
257,Shree Salasar Investments Ltd.,INE315N01017,103635,Finance - Investment,Finance,2,
258,Zodiac Ventures Ltd.,INE945J01027,103641,Finance - Investment,Finance,2,
259,SRF Ltd.,INE647A01010,103806,Diversified,Diversified,2,
260,Shri Dinesh Mills Ltd.,INE204C01024,103804,Textile,Textile,2,
261,KK Fincorp Ltd.,INE509J01013,103669,Finance - NBFC,Finance,2,
262,Wagend Infra Venture Ltd.,INE786K01023,103675,Finance - Investment,Finance,2,
263,SW Investments Ltd.,INE948K01011,103659,Finance - Investment,Finance,2,
264,GEE Ltd.,INE064H01021,104028,Electrodes & Welding Equipment,Capital Goods,2,
265,Sahara One Media & Entertainment Ltd.,INE479B01016,103691,"Film Production, Distribution & Entertainment",Media & Entertainment,2,
266,Modella Woollens Ltd.,INE380D01012,103772,Trading,Trading,2,
267,Elcid Investments Ltd.,INE927X01018,103681,Finance - Investment,Finance,2,
268,Siyaram Silk Mills Ltd.,INE076B01028,103811,Textile - Weaving,Textile,2,
269,Swadeshi Polytex Ltd.,INE243N01029,103816,Miscellaneous,Miscellaneous,2,
270,Bharat Bijlee Ltd.,INE464A01028,103960,Electric Equipment,Capital Goods,2,
271,Elpro International Ltd.,INE579B01039,104000,Construction - Real Estate,Realty,2,
272,Ahlada Engineers Ltd.,INE00PV01013,290073,Engineering,Capital Goods,2,
273,Zensar Technologies Ltd.,INE520A01027,104067,IT - Software,IT,2,
274,JSL Industries Ltd.,INE581L01018,104080,Electric Equipment,Capital Goods,2,
275,Permanent Magnets Ltd.,INE418E01018,104132,Electric Equipment,Capital Goods,2,
276,Indokem Ltd.,INE716F01012,104092,Chemicals,Chemicals,2,
277,Indo-National Ltd.,INE567A01028,104058,Batteries,Automobile & Ancillaries,2,
278,W.S. Industries (India) Ltd.,INE100D01014,104220,Electric Equipment,Capital Goods,2,
279,Nelco Ltd.,INE045B01015,104112,Engineering - Construction,Infrastructure,2,
280,High Energy Batteries (India) Ltd.,INE783E01023,104176,Batteries,Automobile & Ancillaries,2,
281,Universal Cables Ltd.,INE279A01012,104212,Cable,Electricals,2,
282,Delton Cables Ltd.,INE872E01016,104240,Cable,Electricals,2,
283,Ravindra Energy Ltd.,INE206N01018,104341,Power Generation/Distribution,Power,2,
284,Modulex Construction Technologies Ltd.,INE064R01012,104273,Electric Equipment,Capital Goods,2,
285,Delta Manufacturing Ltd.,INE393A01011,104286,Electric Equipment,Capital Goods,2,
286,Confidence Finance And Trading Ltd.,INE180M01033,104340,Trading,Trading,2,
287,Kaycee Industries Ltd.,INE813G01015,104084,Electric Equipment,Capital Goods,2,
288,Empower India Ltd.,INE507F01023,104351,Trading,Trading,2,
289,Multipurpose Trading & Agencies Ltd.,INE017P01014,104356,Miscellaneous,Miscellaneous,2,
290,Galada Power & Telecommunication Ltd.,INE255C01018,104697,Aluminium & Aluminium Products,Non - Ferrous Metals,2,
291,Flomic Global Logistics Ltd.,INE952M01019,104380,Finance - Investment,Finance,2,
292,Ganesh Holdings Ltd.,INE932M01011,104397,Finance - NBFC,Finance,2,
293,Uni Abex Alloy Products Ltd.,INE361D01012,104605,Castings/Forgings,Automobile & Ancillaries,2,
294,Bombay Wire Ropes Ltd.,INE089T01023,104648,Steel & Iron Products,Iron & Steel,2,
295,SJ Corporation Ltd.,INE312B01027,104398,Diamond  &  Jewellery,Diamond  &  Jewellery,2,
296,Indian Hume Pipe Company Ltd.,INE323C01030,104741,Engineering - Construction,Infrastructure,2,
297,Indian Bright Steel Company Ltd.,INE566M01017,104731,Steel & Iron Products,Iron & Steel,2,
298,Investment & Precision Castings Ltd.,INE155E01016,104786,Castings/Forgings,Automobile & Ancillaries,2,
299,Orient Abrasives Ltd.,INE569C01020,104879,Refractories,Capital Goods,2,
300,National Standard (India) Ltd.,INE166R01015,104882,Metal - Ferrous,Iron & Steel,2,
301,Dynamatic Technologies Ltd.,INE221B01012,105242,Compressors / Pumps,Capital Goods,2,
302,Jainex Aamcol Ltd.,INE280F01019,105212,Engineering - Industrial Equipments,Capital Goods,2,
303,Stovec Industries Ltd.,INE755D01015,104959,Textile - Machinery,Textile,2,
304,Alfred Herbert (India) Ltd.,INE782D01027,105216,Finance - NBFC,Finance,2,
305,KPT Industries Ltd.,INE731D01024,105299,Engineering - Industrial Equipments,Capital Goods,2,
306,Automotive Axles Ltd.,INE449A01011,105010,Auto Ancillary,Automobile & Ancillaries,2,
307,Tinplate Company Of India Ltd.,INE422C01014,104966,Steel & Iron Products,Iron & Steel,2,
308,Eicher Motors Ltd.,INE066A01021,105200,Automobile Two & Three Wheelers,Automobile & Ancillaries,2,
309,Tayo Rolls Ltd.,INE895C01011,104961,Engineering - Industrial Equipments,Capital Goods,2,
310,Setco Automotive Ltd.,INE878E01021,105075,Auto Ancillary,Automobile & Ancillaries,2,
311,India Radiators Ltd.,INE461Y01016,105100,Auto Ancillary,Automobile & Ancillaries,2,
312,Scooters India Ltd.,INE959E01011,105141,Automobile Two & Three Wheelers,Automobile & Ancillaries,2,
313,Talbros Automotive Components Ltd.,INE187D01011,105160,Auto Ancillary,Automobile & Ancillaries,2,
314,Welcast Steels Ltd.,INE380G01015,104988,Castings/Forgings,Automobile & Ancillaries,2,
315,TIL Ltd.,INE806C01018,105196,Engineering - Industrial Equipments,Capital Goods,2,
316,Lakshmi Automatic Loom Works Ltd.,INE718M01022,105302,Textile - Machinery,Textile,2,
317,Cholamandalam Financial Holdings Ltd.,INE149A01033,104973,Finance - Investment,Finance,2,
318,ZF Steering Gear (India) Ltd.,INE116C01012,105163,Auto Ancillary,Automobile & Ancillaries,2,
319,Veljan Denison Ltd.,INE232E01013,105232,Compressors / Pumps,Capital Goods,2,
320,GG Dandekar Machine Works Ltd.,INE631D01026,105250,Engineering - Industrial Equipments,Capital Goods,2,
321,Duncan Engineering Ltd.,INE340F01011,104908,Engineering - Industrial Equipments,Capital Goods,2,
322,Tulive Developers Ltd.,INE637D01015,105285,Engineering,Capital Goods,2,
323,Lynx Machinery & Commercials Ltd.,INE732D01014,105320,Miscellaneous,Miscellaneous,2,
324,Skyline Millars Ltd.,INE178E01026,105650,Construction - Real Estate,Realty,2,
325,Monotype India Ltd.,INE811D01024,105343,Finance - Stock Broking,Finance,2,
326,Nesco Ltd.,INE317F01035,105355,Engineering - Industrial Equipments,Capital Goods,2,
327,Revathi Equipment Ltd.,INE617A01013,105368,Engineering - Industrial Equipments,Capital Goods,2,
328,Texmaco Infrastructure & Holdings Ltd.,INE435C01024,105400,Construction - Real Estate,Realty,2,
329,Bimetal Bearings Ltd.,INE469A01019,105681,Bearings,Automobile & Ancillaries,2,
330,Responsive Industries Ltd.,INE688D01026,105509,Plastic Products,Plastic Products,2,
331,Westlife Development Ltd.,INE274F01020,105533,"Hotel, Resort & Restaurants",Hospitality,2,
332,Maharashtra Corporation Ltd.,INE272E01027,105523,Trading,Trading,2,
333,Dolat Algotech Ltd.,INE966A01022,105526,Finance - Stock Broking,Finance,2,
334,Wendt (India) Ltd.,INE274C01019,105412,Abrasives,Abrasives,2,
335,Zee Entertainment Enterprises Ltd.,INE256A01028,105537,TV Broadcasting & Software Production,Media & Entertainment,2,
336,Shyamkamal Investments Ltd.,INE203N01015,105515,Finance - NBFC,Finance,2,
337,Taparia Tools Ltd.,INE614R01014,105685,Trading,Trading,2,
338,Brady & Morris Engineering Company Ltd.,INE856A01017,105690,Engineering - Industrial Equipments,Capital Goods,2,
339,Hercules Hoists Ltd.,INE688E01024,105720,Engineering - Industrial Equipments,Capital Goods,2,
340,WPIL Ltd.,INE765D01014,105872,Compressors / Pumps,Capital Goods,2,
341,Rane Holdings Ltd.,INE384A01010,105800,Finance - Investment,Finance,2,
342,Grauer & Weil (India) Ltd.,INE266D01021,105710,Chemicals,Chemicals,2,
343,Him Teknoforge Ltd.,INE705G01021,105712,Auto Ancillary,Automobile & Ancillaries,2,
344,Mangal Credit and Fincorp Ltd.,INE545L01039,105850,Engineering,Capital Goods,2,
345,Kennametal India Ltd.,INE717A01029,105890,Engineering,Capital Goods,2,
346,Mipco Seamless Rings (Gujarat) Ltd.,INE860N01012,105797,IT - Software,IT,2,
347,Gabriel India Ltd.,INE524A01029,105714,Auto Ancillary,Automobile & Ancillaries,2,
348,SNL Bearings Ltd.,INE568F01017,105827,Bearings,Automobile & Ancillaries,2,
349,Schaeffler India Ltd.,INE513A01022,105790,Bearings,Automobile & Ancillaries,2,
350,Elecon Engineering Company Ltd.,INE205B01023,105700,Engineering - Industrial Equipments,Capital Goods,2,
351,Algoquant Fintech Ltd.,INE598D01027,105725,Engineering - Industrial Equipments,Capital Goods,2,
352,TRF Ltd.,INE391D01019,105854,Engineering - Industrial Equipments,Capital Goods,2,
353,IFB Industries Ltd.,INE559A01017,105726,Consumer Durables - Domestic Appliances,Consumer Durables,2,
354,JostS Engineering Company Ltd.,INE636D01025,105750,Engineering - Industrial Equipments,Capital Goods,2,
355,Sudal Industries Ltd.,INE618D01015,106003,Aluminium & Aluminium Products,Non - Ferrous Metals,2,
356,Singer India Ltd.,INE638A01035,105729,Consumer Durables - Domestic Appliances,Consumer Durables,2,
357,Hindustan Hardy Ltd.,INE724D01011,105893,Auto Ancillary,Automobile & Ancillaries,2,
358,Triton Valves Ltd.,INE440G01017,105978,Engineering - Industrial Equipments,Capital Goods,2,
359,Jaipan Industries Ltd.,INE058D01030,105840,Trading,Trading,2,
360,Bhoruka Aluminium Ltd.,INE866G01013,106027,Aluminium & Aluminium Products,Non - Ferrous Metals,2,
361,Arshiya Ltd.,INE968D01022,106074,Logistics,Logistics,2,
362,Lakshmi Precision Screws Ltd.,INE651C01018,106079,Fasteners,Automobile & Ancillaries,2,
363,Genesys International Corporation Ltd.,INE727B01026,106109,IT - Software,IT,2,
364,Velox Industries Ltd.,INE092P01017,106178,Trading,Trading,2,
365,Parnax Lab Ltd.,INE383L01019,106128,Pharmaceuticals & Drugs,Healthcare,2,
366,Kanani Industries Ltd.,INE879E01037,106184,Diamond  &  Jewellery,Diamond  &  Jewellery,2,
367,Visagar Polytex Ltd.,INE370E01029,106146,Textile,Textile,2,
368,Bliss GVS Pharma Ltd.,INE416D01022,106197,Pharmaceuticals & Drugs,Healthcare,2,
369,Galaxy Cloud Kitchens Ltd.,INE403B01016,106186,"Film Production, Distribution & Entertainment",Media & Entertainment,2,
370,INEOS Styrolution India Ltd.,INE189B01011,106222,Chemicals,Chemicals,2,
371,Stanrose Mafatlal Investments & Finance Ltd.,INE441L01015,106105,Finance - Investment,Finance,2,
372,Intellivate Capital Ventures Ltd.,INE512D01028,106134,Finance - Investment,Finance,2,
373,Alembic Ltd.,INE426A01027,106235,Pharmaceuticals & Drugs,Healthcare,2,
374,Amal Ltd.,INE841D01013,106597,Chemicals,Chemicals,2,
375,Punjab Chemicals & Crop Protection Ltd.,INE277B01014,106618,Pesticides & Agrochemicals,Chemicals,2,
376,Chemplast Sanmar Ltd.,INE488A01050,106355,Chemicals,Chemicals,2,
377,Deepak Nitrite Ltd.,INE288B01029,106401,Chemicals,Chemicals,2,
378,PCBL Ltd.,INE602A01031,106590,Carbon Black,Chemicals,2,
379,Polychem Ltd.,INE752B01024,106605,Chemicals,Chemicals,2,
380,Fermenta Biotech Ltd.,INE225B01021,106414,Pharmaceuticals & Drugs,Healthcare,2,
381,Kanoria Chemicals & Industries Ltd.,INE138C01024,106525,Chemicals,Chemicals,2,
382,Coromandel International Ltd.,INE169A01031,106395,Fertilizers,Chemicals,2,
383,Chemo-Pharma Laboratories Ltd.,INE320M01019,106365,Trading,Trading,2,
384,Oriental Carbon & Chemicals Ltd.,INE321D01016,106579,Chemicals,Chemicals,2,
385,Jayshree Chemicals Ltd.,INE693E01016,106520,Chemicals,Chemicals,2,
386,JL Morison (India) Ltd.,INE430D01015,106522,Trading,Trading,2,
387,Keltech Energies Ltd.,INE881E01017,106528,Chemicals,Chemicals,2,
388,GOCL Corporation Ltd.,INE077F01035,106480,Chemicals,Chemicals,2,
389,Anuh Pharma Ltd.,INE489G01022,106260,Pharmaceuticals & Drugs,Healthcare,2,
390,MP Agro Industries Ltd.,INE468C01017,106543,Fertilizers,Chemicals,2,
391,Modison Ltd.,INE737D01021,106261,Electric Equipment,Capital Goods,2,
392,Bayer CropScience Ltd.,INE462A01022,106285,Pesticides & Agrochemicals,Chemicals,2,
393,Kemp & Company Ltd.,INE060E01018,106530,Trading,Trading,2,
394,Dharamsi Morarji Chemical Company Ltd.,INE505A01010,106405,Chemicals,Chemicals,2,
395,Sadhana Nitro Chem Ltd.,INE888C01040,106642,Chemicals,Chemicals,2,
396,Ultramarine & Pigments Ltd.,INE405A01021,106685,Chemicals,Chemicals,2,
397,Gujarat Themis Biosyn Ltd.,INE942C01029,106879,Pharmaceuticals & Drugs,Healthcare,2,
398,JB Chemicals & Pharmaceuticals Ltd.,INE572A01028,106943,Pharmaceuticals & Drugs,Healthcare,2,
399,Punjab Alkalies & Chemicals Ltd.,INE607A01022,106852,Chemicals,Chemicals,2,
400,Alkyl Amines Chemicals Ltd.,INE150B01039,106767,Chemicals,Chemicals,3,
401,Gujarat Petrosynthese Ltd.,INE636P01011,106858,Plastic Products,Plastic Products,3,
402,Unichem Laboratories Ltd.,INE351A01035,106690,Pharmaceuticals & Drugs,Healthcare,3,
403,Makers Laboratories Ltd.,INE987A01010,106919,Pharmaceuticals & Drugs,Healthcare,3,
404,Transpek Industry Ltd.,INE687A01016,106687,Pesticides & Agrochemicals,Chemicals,3,
405,Swadeshi Industries & Leasing Ltd.,INE716M01034,106863,Trading,Trading,3,
406,Rajnandini Metal Ltd.,INE00KV01014,290267,Trading,Trading,3,
407,APT Packaging Ltd.,INE046E01025,106979,Plastic Products,Plastic Products,3,
408,Jaysynth Dyestuff (India) Ltd.,INE703C01025,106910,Dyes & Pigments,Chemicals,3,
409,Continental Chemicals Ltd.,INE423K01015,106935,IT - Software,IT,3,
410,Tanfac Industries Ltd.,INE639B01015,106854,Chemicals,Chemicals,3,
411,Advance Petrochemicals Ltd.,INE334N01018,106947,Chemicals,Chemicals,3,
412,Rajasthan Petro Synthetics Ltd.,INE374C01017,106975,Miscellaneous,Miscellaneous,3,
413,Blue chip Tex Industries Ltd.,INE472D01017,106981,Textile - Manmade  Fibres,Textile,3,
414,Jagatjit Industries Ltd.,INE574A01016,107155,Breweries & Distilleries,Alcohol,3,
415,Tilaknagar Industries Ltd.,INE133E01013,107205,Breweries & Distilleries,Alcohol,3,
416,Ravalgaon Sugar Farm Ltd.,INE615A01017,107300,Sugar,Agri,3,
417,Sakthi Sugars Ltd.,INE623A01011,107315,Sugar,Agri,3,
418,GM Breweries Ltd.,INE075D01018,107488,Breweries & Distilleries,Alcohol,3,
419,Khoday India Ltd.,INE687B01014,107435,Breweries & Distilleries,Alcohol,3,
420,Associated Alcohols & Breweries Ltd.,INE073G01016,107526,Breweries & Distilleries,Alcohol,3,
421,Dharani Sugars & Chemicals Ltd.,INE988C01014,107442,Sugar,Agri,3,
422,Emerald Leisures Ltd.,INE044N01021,107265,Trading,Trading,3,
423,Caprolactam Chemicals Ltd.,INE470N01010,107486,Chemicals,Chemicals,3,
424,IFB Agro Industries Ltd.,INE076C01018,107438,Consumer Food,FMCG,3,
425,Rana Sugars Ltd.,INE625B01014,107490,Sugar,Agri,3,
426,Piccadily Sugar & Allied Industries Ltd.,INE544C01023,107498,Breweries & Distilleries,Alcohol,3,
427,Riga Sugar Company Ltd.,INE909C01010,107508,Sugar,Agri,3,
428,Som Distilleries & Breweries Ltd.,INE480C01020,107514,Breweries & Distilleries,Alcohol,3,
429,CJ Gelatine Products Ltd.,INE557D01015,107515,Chemicals,Chemicals,3,
430,Olympic Oil Industries Ltd.,INE286E01019,107609,Trading,Trading,3,
431,Foods & Inns Ltd.,INE976E01023,107552,Consumer Food,FMCG,3,
432,IVP Ltd.,INE043C01018,107580,Chemicals,Chemicals,3,
433,Computer Point Ltd.,INE607B01012,107833,IT - Education,IT,3,
434,Khaitan Chemicals & Fertilizers Ltd.,INE745B01028,107794,Fertilizers,Chemicals,3,
435,Milkfood Ltd.,INE588G01013,107621,Consumer Food,FMCG,3,
436,Polson Ltd.,INE339F01021,107645,Chemicals,Chemicals,3,
437,Orient Beverages Ltd.,INE247F01018,107690,Consumer Food,FMCG,3,
438,National Oxygen Ltd.,INE296D01010,107813,Industrial  Gases & Fuels,Inds. Gases & Fuels,3,
439,TGV SRACC Ltd.,INE284B01028,107753,Chemicals,Chemicals,3,
440,Lime Chemicals Ltd.,INE891G01011,107759,Chemicals,Chemicals,3,
441,Unitech Ltd.,INE694A01020,107878,Construction - Real Estate,Realty,3,
442,TTK Healthcare Ltd.,INE910C01018,107747,Pharmaceuticals & Drugs,Healthcare,3,
443,Dhanuka Agritech Ltd.,INE435G01025,107717,Pesticides & Agrochemicals,Chemicals,3,
444,Wires & Fabriks (S.A.) Ltd.,INE469D01013,107817,Textile,Textile,3,
445,United Leasing & Industries Ltd.,INE357P01014,107808,Textile,Textile,3,
446,Tainwala Chemicals & Plastics (India) Ltd.,INE123C01018,107785,Plastic Products,Plastic Products,3,
447,Jagsonpal Pharmaceuticals Ltd.,INE048B01027,107789,Pharmaceuticals & Drugs,Healthcare,3,
448,Kovilpatti Lakshmi Roller Flour Mills Ltd.,INE014E01015,107598,Consumer Food,FMCG,3,
449,Ansal Housing Ltd.,INE880B01015,107828,Construction - Real Estate,Realty,3,
450,Gillette India Ltd.,INE322A01010,107815,Household & Personal Products,FMCG,3,
451,Mac Charles (India) Ltd.,INE435D01014,107836,"Hotel, Resort & Restaurants",Hospitality,3,
452,Addi Industries Ltd.,INE757C01021,107852,Textile,Textile,3,
453,Pioneer Investcorp Ltd.,INE746D01014,107864,Finance - Investment,Finance,3,
454,Ashnoor Textile Mills Ltd.,INE372I01018,107872,Textile,Textile,3,
455,Best Eastern Hotels Ltd.,INE553F01035,108664,"Hotel, Resort & Restaurants",Hospitality,3,
456,Cochin Malabar Estates & Industries Ltd.,INE788M01017,108571,Rubber  Products,Agri,3,
457,Fiberweb (India) Ltd.,INE296C01020,107910,Textile,Textile,3,
458,Key Corp Ltd.,INE130F01016,107948,Finance - NBFC,Finance,3,
459,Gujarat Hotels Ltd.,INE621C01011,107960,"Hotel, Resort & Restaurants",Hospitality,3,
460,Hawkins Cookers Ltd.,INE979B01015,108486,Consumer Durables - Domestic Appliances,Consumer Durables,3,
461,B&A Ltd.,INE489D01011,108136,Tea/Coffee,Agri,3,
462,IST Ltd.,INE684B01029,108807,Auto Ancillary,Automobile & Ancillaries,3,
463,Neelamalai Agro Industries Ltd.,INE605D01012,108670,Tea/Coffee,Agri,3,
464,Rajath Finance Ltd.,INE455H01013,107962,Finance - NBFC,Finance,3,
465,Dhruv Estates Ltd.,INE780E01011,107886,Construction - Real Estate,Realty,3,
466,Warren Tea Ltd.,INE712A01012,108494,Tea/Coffee,Agri,3,
467,Paramount Cosmetics (India) Ltd.,INE143I01013,107970,Household & Personal Products,FMCG,3,
468,Bajaj Steel Industries Ltd.,INE704G01024,107944,Engineering - Industrial Equipments,Capital Goods,3,
469,Cosmo First Ltd.,INE757A01017,108814,Plastic Products,Plastic Products,3,
470,LKP Finance Ltd.,INE724A01017,107912,Finance - Investment,Finance,3,
471,East Buildtech Ltd.,INE706N01017,107917,Construction - Real Estate,Realty,3,
472,Jindal Hotels Ltd.,INE726D01016,107981,"Hotel, Resort & Restaurants",Hospitality,3,
473,Jupiter Industries & Leasing Ltd.,INE990E01016,107987,Finance - Investment,Finance,3,
474,Kiduja India Ltd.,INE845A01010,107946,Finance - NBFC,Finance,3,
475,Sulabh Engineers & Services Ltd.,INE673M01029,108969,Finance - NBFC,Finance,3,
476,Nitin Castings Ltd.,INE861H01020,108875,Castings/Forgings,Automobile & Ancillaries,3,
477,Apollo Hospitals Enterprise Ltd.,INE437A01024,108869,Hospital & Healthcare Services,Healthcare,3,
478,Everest Industries Ltd.,INE295A01018,108906,Cement & Construction Materials,Construction Materials,3,
479,Ironwood Education Ltd.,INE791H01011,108918,Educational Institutions,Education & Training,3,
480,Indian Infotech & Software Ltd.,INE300B01022,109051,IT - Software,IT,3,
481,SMIFS Capital Markets Ltd.,INE641A01013,108905,Finance - Investment,Finance,3,
482,Joy Realty Ltd.,INE433O01024,108929,Construction - Real Estate,Realty,3,
483,AYM Syntex Ltd.,INE193B01039,108933,Textile,Textile,3,
484,Thakral Services (India) Ltd.,INE190F01028,109015,Consumer Durables - Electronics,Consumer Durables,3,
485,Shricon Industries Ltd.,INE753D01010,108961,Finance - Investment,Finance,3,
486,Sterling Guaranty & Finance Ltd.,INE668Y01016,108963,Finance - NBFC,Finance,3,
487,Panasonic Carbon India Company Ltd.,INE013E01017,108941,Electrodes & Welding Equipment,Capital Goods,3,
488,Netlink Solutions (India) Ltd.,INE040F01033,109040,IT - Software,IT,3,
489,Navneet Education Ltd.,INE060A01024,108989,Printing And Publishing,Media & Entertainment,3,
490,Satra Properties (India) Ltd.,INE086E01021,108996,Construction - Real Estate,Realty,3,
491,Ausom Enterprise Ltd.,INE218C01016,109009,Trading,Trading,3,
492,Ruchi Infrastructure Ltd.,INE413B01023,109020,Solvent  Extraction,Agri,3,
493,VJTF Eduservices Ltd.,INE117F01013,109026,Educational Institutions,Education & Training,3,
494,Photon Capital Advisors Ltd.,INE107J01016,109084,Finance - Investment,Finance,3,
495,Berger Paints India Ltd.,INE463A01038,109480,Paints,Chemicals,3,
496,Sanathnagar Enterprises Ltd.,INE367E01033,109423,Construction - Real Estate,Realty,3,
497,PTL Enterprises Ltd.,INE034D01049,109220,Miscellaneous,Miscellaneous,3,
498,Graphite India Ltd.,INE371A01025,109488,Electrodes & Welding Equipment,Capital Goods,3,
499,MM Rubber Company Ltd.,INE159E01026,109196,Rubber  Products,Agri,3,
500,Caprihans India Ltd.,INE479A01018,109486,Plastic Products,Plastic Products,3,
501,Gufic Biosciences Ltd.,INE742B01025,109079,Pharmaceuticals & Drugs,Healthcare,3,
502,Indag Rubber Ltd.,INE802D01023,109162,Rubber  Products,Agri,3,
503,Empire Industries Ltd.,INE515H01014,109525,Glass,Construction Materials,3,
504,Infomedia Press Ltd.,INE669A01022,109069,Printing And Publishing,Media & Entertainment,3,
505,Garware Technical Fibres Ltd.,INE276A01018,109557,Textile,Textile,3,
506,Benares Hotels Ltd.,INE664D01019,109438,"Hotel, Resort & Restaurants",Hospitality,3,
507,Bombay Oxygen Investments Ltd.,INE01TL01014,109470,Finance - Investment,Finance,3,
508,Graviss Hospitality Ltd.,INE214F01026,109546,"Hotel, Resort & Restaurants",Hospitality,3,
509,Garware Marine Industries Ltd.,INE925D01014,109563,Textile,Textile,3,
510,Hardcastle & Waud Manufacturing Company Ltd.,INE722D01015,109597,Chemicals,Chemicals,3,
511,Hindustan Composites Ltd.,INE310C01029,109635,Auto Ancillary,Automobile & Ancillaries,3,
512,Indian Card Clothing Company Ltd.,INE061A01014,109692,Textile - Machinery,Textile,3,
513,Huhtamaki India Ltd.,INE275B01026,109820,Plastic Products,Plastic Products,3,
514,International Conveyors Ltd.,INE575C01027,109709,Engineering - Industrial Equipments,Capital Goods,3,
515,Thacker & Company Ltd.,INE077P01034,109945,Trading,Trading,3,
516,Modern Shares & Stockbrokers Ltd.,INE370A01019,109760,Finance - Stock Broking,Finance,3,
517,Jay Shree Tea & Industries Ltd.,INE364A01020,109715,Tea/Coffee,Agri,3,
518,HEG Ltd.,INE545A01016,109631,Electrodes & Welding Equipment,Capital Goods,3,
519,Shalimar Paints Ltd.,INE849C01026,109874,Paints,Chemicals,3,
520,Hindoostan Mills Ltd.,INE832D01020,109895,Textile,Textile,3,
521,Premier Synthetics Ltd.,INE940N01012,109835,Textile - Spinning,Textile,3,
522,Supreme Industries Ltd.,INE195A01028,109930,Plastic Products,Plastic Products,3,
523,Swasti Vinayaka Synthetics Ltd.,INE804A01025,110245,Textile,Textile,3,
524,HIL Ltd.,INE557A01011,109675,Cement & Construction Materials,Construction Materials,3,
525,UP Hotels Ltd.,INE726E01014,109960,"Hotel, Resort & Restaurants",Hospitality,3,
526,VST Industries Ltd.,INE710A01016,109966,Cigarettes/Tobacco,FMCG,3,
527,RJ Shah & Company Ltd.,INE712Z01019,109845,Engineering - Construction,Infrastructure,3,
528,Premier Capital Services Ltd.,INE946K01023,111016,Finance - NBFC,Finance,3,
529,Milgrey Finance & Investments Ltd.,INE679T01013,111018,Finance - Investment,Finance,3,
530,JMD Ventures Ltd.,INE047E01031,111092,"Film Production, Distribution & Entertainment",Media & Entertainment,3,
531,Jindal Drilling & Industries Ltd.,INE742C01031,111034,Oil Exploration,Crude Oil,3,
532,Sakthi Finance Ltd.,INE302E01014,111066,Finance - NBFC,Finance,3,
533,Sat Industries Ltd.,INE065D01027,111076,Trading,Trading,3,
534,VB Desai Financial Services Ltd.,INE848D01018,111110,Finance - Investment,Finance,3,
535,Shiva Texyarn Ltd.,INE705C01020,111108,Textile - Spinning,Textile,3,
536,First Custodian Fund (India) Ltd.,INE609B01018,111122,Finance - Investment,Finance,3,
537,Kamanwala Housing Construction Ltd.,INE344D01018,111131,Construction - Real Estate,Realty,3,
538,Asya Infosoft Ltd.,INE520G01016,111144,Travel Services,Hospitality,3,
539,Wall Street Finance Ltd.,INE549D01012,111147,Finance - NBFC,Finance,3,
540,Parshwanath Corporation Ltd.,INE635I01018,111176,Finance - Housing,Finance,3,
541,ICDS Ltd.,INE613B01010,111194,Finance - NBFC,Finance,3,
542,Anjani Foods Ltd.,INE096I01013,111153,Finance - NBFC,Finance,3,
543,Easy Fincorp Ltd.,INE407F01018,111074,Finance - Investment,Finance,3,
544,IL&FS Investment Managers Ltd.,INE050B01023,111208,Finance - Investment,Finance,3,
545,Munoth Communication Ltd.,INE410E01015,111401,Trading,Trading,3,
546,India Cements Capital Ltd.,INE429D01017,111355,Finance - NBFC,Finance,3,
547,VLS Finance Ltd.,INE709A01018,111333,Finance - Investment,Finance,3,
548,Meglon Infra-Real (India) Ltd.,INE218B01018,111367,IT - Software,IT,3,
549,Mehta Integrated Finance Ltd.,INE240B01012,111377,Finance - Investment,Finance,3,
550,Inter Globe Finance Ltd.,INE661M01016,111391,Finance - NBFC,Finance,3,
551,Sagar Systech Ltd.,INE771Z01015,111254,Finance - NBFC,Finance,3,
552,Shristi Infrastructure Development Corporation Ltd.,INE472C01027,111411,Construction - Real Estate,Realty,3,
553,Crest Ventures Ltd.,INE559D01011,111413,Finance - NBFC,Finance,3,
554,Gujarat Credit Corporation Ltd.,INE034B01019,111441,Finance - NBFC,Finance,3,
555,Sylph Technologies Ltd.,INE706F01013,111447,IT - Software,IT,3,
556,Supra Trends Ltd.,INE533B01028,111539,Finance - NBFC,Finance,3,
557,Bharat Bhushan Finance & Commodity Brokers Ltd.,INE900A01013,111501,Finance - Investment,Finance,3,
558,Capital Trust Ltd.,INE707C01018,111505,Finance - NBFC,Finance,3,
559,Ushakiran Finance Ltd.,INE697C01011,111507,Finance - NBFC,Finance,3,
560,Vivo Bio Tech Ltd.,INE380K01017,111509,Miscellaneous,Miscellaneous,3,
561,Veerhealth Care Ltd.,INE882C01035,111523,Finance - Investment,Finance,3,
562,Pan India Corporation Ltd.,INE376A01032,111525,Finance - Investment,Finance,3,
563,Sahara Housingfina Corporation Ltd.,INE135C01012,111533,Finance - Housing,Finance,3,
564,Regency Trust Ltd.,INE425F01028,111585,Finance - NBFC,Finance,3,
565,Arihant Capital Markets Ltd.,INE420B01036,111605,Finance - Stock Broking,Finance,3,
566,JIK Industries Ltd.,INE026B01049,111618,Glass,Construction Materials,3,
567,Monarch Networth Capital Ltd.,INE903D01011,111551,Finance - Stock Broking,Finance,3,
568,Times Guaranty Ltd.,INE289C01025,111559,Finance - Investment,Finance,3,
569,DCM Financial Services Ltd.,INE891B01012,111611,Finance - NBFC,Finance,3,
570,NDA Securities Ltd.,INE026C01013,111535,Finance - Stock Broking,Finance,3,
571,Som Datt Finance Corporation Ltd.,INE754C01010,111571,Finance - Investment,Finance,3,
572,Pro Fin Capital Services Ltd.,INE732K01027,111557,Finance - NBFC,Finance,3,
573,Avonmore Capital & Management Services Ltd.,INE323B01016,111589,Finance - Investment,Finance,3,
574,Libord Finance Ltd.,INE212B01011,111593,Finance - NBFC,Finance,3,
575,Yash Management & Satellite Ltd.,INE216B01012,111601,Finance - Investment,Finance,3,
576,ISL Consulting Ltd.,INE569B01022,111609,Finance - Stock Broking,Finance,3,
577,Savani Financials Ltd.,INE304E01010,111577,Finance - NBFC,Finance,3,
578,IM+ Capitals Ltd.,INE417D01012,111628,Finance - Investment,Finance,3,
579,Mathew Easow Research Securities Ltd.,INE963B01019,111688,Finance - NBFC,Finance,3,
580,Sugal & Damani Share Brokers Ltd.,INE309D01011,111654,Finance - Stock Broking,Finance,3,
581,Nettlinx Ltd.,INE027D01019,111658,IT - Software,IT,3,
582,Yogi Ltd.,INE290E01011,111702,Finance - NBFC,Finance,3,
583,Scan Steels Ltd.,INE099G01011,111672,Steel & Iron Products,Iron & Steel,3,
584,GIC Housing Finance Ltd.,INE289B01019,111676,Finance - Housing,Finance,3,
585,Avasara Finance Ltd.,INE759D01017,111730,Finance - NBFC,Finance,3,
586,Ajcon Global Services Ltd.,INE759C01019,111692,Finance - Investment,Finance,3,
587,Standard Capital Markets Ltd.,INE625D01010,111700,Finance - NBFC,Finance,3,
588,Chartered Capital & Investment Ltd.,INE953B01010,111696,Finance - Investment,Finance,3,
589,CFSL Ltd.,INE717D01023,111710,Finance - NBFC,Finance,3,
590,Relic Technologies Ltd.,INE452B01013,111712,Finance - Stock Broking,Finance,3,
591,Nimbus Projects Ltd.,INE875B01015,111714,Construction - Real Estate,Realty,3,
592,Escorts Finance Ltd.,INE359A01012,111716,Finance - NBFC,Finance,3,
593,KZ Leasing & Finance Ltd.,INE006C01015,111728,Finance - NBFC,Finance,3,
594,Baid Finserv Ltd.,INE020D01022,111724,Finance - NBFC,Finance,3,
595,Mehta Securities Ltd.,INE241B01010,111738,Finance - Investment,Finance,3,
596,Mehta Housing Finance Ltd.,INE239B01014,111740,Finance - Housing,Finance,3,
597,Royal India Corporation Ltd.,INE510H01015,112047,Trading,Trading,3,
598,Shalibhadra Finance Ltd.,INE861D01011,111754,Finance - NBFC,Finance,3,
599,Mansi Finance (Chennai) Ltd.,INE094E01017,111758,Finance - NBFC,Finance,4,
600,Master Trust Ltd.,INE677D01029,111768,Finance - NBFC,Finance,4,
601,Seven Hill Industries Ltd.,INE518D01025,111760,Finance - Investment,Finance,4,
602,Abirami Financial Services (India) Ltd.,INE195I01013,111756,Finance - Investment,Finance,4,
603,ND Metal Industries Ltd.,INE643D01013,112024,Metal - Non Ferrous,Non - Ferrous Metals,4,
604,Sobhagya Mercantile Ltd.,INE754D01018,112014,Trading,Trading,4,
605,CNI Research Ltd.,INE135H01029,112018,Finance - Investment,Finance,4,
606,Saraswati Commercial (India) Ltd.,INE967G01019,112020,Finance - NBFC,Finance,4,
607,Aastamangalam Finance Ltd.,INE819K01014,111764,Finance - NBFC,Finance,4,
608,Kapil Cotex Ltd.,INE393H01016,112036,Textile,Textile,4,
609,Luharuka Media & Infra Ltd.,INE195E01020,112048,Finance - NBFC,Finance,4,
610,UPL Ltd.,INE628A01036,112070,Pesticides & Agrochemicals,Chemicals,4,
611,Vishvprabha Ventures Ltd.,INE762D01011,112064,Trading,Trading,4,
612,Deccan Gold Mines Ltd.,INE945F01025,112068,Mining & Minerals,Mining,4,
613,Saianand Commercial Ltd.,INE092G01024,112097,Chemicals,Chemicals,4,
614,Cranes Software International Ltd.,INE234B01023,112093,IT - Software,IT,4,
615,Nidhi Granites Ltd.,INE276H01013,112103,Finance - Others,Finance,4,
616,Stephanotis Finance Ltd.,INE902L01016,112215,Finance - NBFC,Finance,4,
617,Signet Industries Ltd.,INE529F01035,112131,Trading,Trading,4,
618,Aviva Industries Ltd.,INE461H01011,112109,Trading,Trading,4,
619,Capricorn Systems Global Solutions Ltd.,INE968E01012,112169,IT - Software,IT,4,
620,Prism Medico and Pharmacy Ltd.,INE730E01016,112217,Finance - Investment,Finance,4,
621,ABans Enterprises Ltd.,INE365O01010,112165,Trading,Trading,4,
622,Vama Industries Ltd.,INE685D01022,112175,IT - Software,IT,4,
623,Silveroak Commercials Ltd.,INE798C01017,112197,Electric Equipment,Capital Goods,4,
624,Avance Technologies Ltd.,INE758A01056,112149,IT - Software,IT,4,
625,Securekloud Technologies Ltd.,INE650K01021,112161,IT - Software,IT,4,
626,Veritas (India) Ltd.,INE379J01029,112229,Trading,Trading,4,
627,Jaybharat Textiles & Real Estate Ltd.,INE091E01039,112233,Textile - Spinning,Textile,4,
628,Jai Corp Ltd.,INE070D01027,112237,Plastic Products,Plastic Products,4,
629,Ashirwad Capital Ltd.,INE894A01026,112247,Finance - Investment,Finance,4,
630,Cressanda Solutions Ltd.,INE716D01033,112379,IT - Software,IT,4,
631,Starteck Finance Ltd.,INE992I01013,112381,Finance - NBFC,Finance,4,
632,N2N Technologies Ltd.,INE043F01011,112279,Finance - Investment,Finance,4,
633,Shantai Industries Ltd.,INE408F01016,112297,Textile,Textile,4,
634,Kintech Renewables Ltd.,INE385F01016,112329,Textile,Textile,4,
635,Bhagyanagar India Ltd.,INE458B01036,112296,Metal - Non Ferrous,Non - Ferrous Metals,4,
636,Magnanimous Trade & Finance Ltd.,INE664N01018,112377,Finance - Investment,Finance,4,
637,Aravali Securities & Finance Ltd.,INE068C01015,112344,Finance - Investment,Finance,4,
638,Sword-Edge Commercials Ltd.,INE093G01022,112359,Trading,Trading,4,
639,Media Matrix Worldwide Ltd,INE200D01020,112267,"Film Production, Distribution & Entertainment",Media & Entertainment,4,
640,Shardul Securities Ltd.,INE037B01012,112393,Finance - NBFC,Finance,4,
641,Nirav Commercials Ltd.,INE242B01018,112425,Aluminium & Aluminium Products,Non - Ferrous Metals,4,
642,Apollo Finvest (India) Ltd.,INE412D01013,112437,Finance - Investment,Finance,4,
643,Enbee Trade & Finance Ltd.,INE993I01011,112441,Finance - NBFC,Finance,4,
644,Shree Global Tradefin Ltd.,INE080I01025,112463,Trading,Trading,4,
645,Shri Jagdamba Polymers Ltd.,INE564J01026,112453,Plastic Products,Plastic Products,4,
646,Polytex India Ltd.,INE012F01016,112481,Finance - NBFC,Finance,4,
647,Super Sales India Ltd.,INE091C01017,112527,Textile - Spinning,Textile,4,
648,Betex India Ltd.,INE765L01017,112477,Textile - Manmade  Fibres,Textile,4,
649,Ganon Products Ltd.,INE162L01017,112443,Trading,Trading,4,
650,Lloyds Metals & Energy Ltd.,INE281B01032,112455,Steel/Sponge Iron/Pig Iron,Iron & Steel,4,
651,Donear Industries Ltd.,INE668D01028,112519,Textile,Textile,4,
652,Oasis Securities Ltd.,INE876A01015,112489,Finance - NBFC,Finance,4,
653,Garnet International Ltd.,INE590B01010,112493,Finance - Investment,Finance,4,
654,Shalimar Productions Ltd.,INE435E01020,112499,"Film Production, Distribution & Entertainment",Media & Entertainment,4,
655,The State Trading Corporation Of India Ltd.,INE655A01013,112531,Trading,Trading,4,
656,Regent Enterprises Ltd.,INE769D01016,112624,Trading,Trading,4,
657,RLF Ltd.,INE629C01014,112618,Textile,Textile,4,
658,Macro International Ltd.,INE307N01014,112600,Trading,Trading,4,
659,Pulsar International Ltd.,INE183U01014,112591,Finance - NBFC,Finance,4,
660,Avanti Feeds Ltd.,INE871C01038,112573,Consumer Food,FMCG,4,
661,Zodiac-JRD-MKJ Ltd.,INE077B01018,112587,Industrial  Gases & Fuels,Inds. Gases & Fuels,4,
662,Sita Enterprises Ltd.,INE579D01019,112589,Finance - NBFC,Finance,4,
663,Unimode Overseas Ltd.,INE348N01034,112595,Trading,Trading,4,
664,Keynote Financial Services Ltd.,INE681C01015,112597,Finance - Investment,Finance,4,
665,Zenith Exports Ltd.,INE058B01018,112553,Textile,Textile,4,
666,Tata Steel Long Products Ltd.,INE674A01014,113010,Steel/Sponge Iron/Pig Iron,Iron & Steel,4,
667,Haria Exports Ltd.,INE772B01014,112604,Trading,Trading,4,
668,Bhandari Hosiery Exports Ltd.,INE474E01029,112608,Textile,Textile,4,
669,Kohinoor Foods Ltd.,INE080B01012,112559,Consumer Food,FMCG,4,
670,Savera Industries Ltd.,INE104E01014,112634,"Hotel, Resort & Restaurants",Hospitality,4,
671,Orbit Exports Ltd.,INE231G01010,112626,Textile,Textile,4,
672,Adani Enterprises Ltd.,INE423A01024,112599,Trading,Trading,4,
673,VBC Ferro Alloys Ltd.,INE114E01013,113005,Ferro & Silica Manganese,Ferro Manganese,4,
674,Gandhi Special Tubes Ltd.,INE524B01027,113108,Steel & Iron Products,Iron & Steel,4,
675,Nava Ltd.,INE725A01022,113023,Power Generation/Distribution,Power,4,
676,Remi Edelstahl Tubulars Ltd.,INE158G01015,113043,Steel & Iron Products,Iron & Steel,4,
677,GS Auto International Ltd.,INE736H01024,113059,Auto Ancillary,Automobile & Ancillaries,4,
678,Trans Freight Containers Ltd.,INE360D01014,113063,Engineering - Industrial Equipments,Capital Goods,4,
679,ABC Gas (International) Ltd.,INE173M01012,113119,Metal - Non Ferrous,Non - Ferrous Metals,4,
680,Oricon Enterprises Ltd.,INE730A01022,113121,Petrochemicals,Crude Oil,4,
681,Metalyst Forgings Ltd.,INE425A01011,113335,Forgings,Automobile & Ancillaries,4,
682,Steel Strips Infrastructures Ltd.,INE205F01016,113173,Construction - Real Estate,Realty,4,
683,National Steel & Agro Industries Ltd.,INE088B01015,113179,Steel & Iron Products,Iron & Steel,4,
684,Grand Foundry Ltd.,INE534A01028,113343,Steel & Iron Products,Iron & Steel,4,
685,Pennar Industries Ltd.,INE932A01024,113228,Steel & Iron Products,Iron & Steel,4,
686,Jyoti Structures Ltd.,INE197A01024,113250,Transmission Towers / Equipments,Infrastructure,4,
687,Jay Ushin Ltd.,INE289D01015,113252,Auto Ancillary,Automobile & Ancillaries,4,
688,Steel Strips Wheels Ltd.,INE802C01025,113262,Auto Ancillary,Automobile & Ancillaries,4,
689,Man Industries (India) Ltd.,INE993A01026,113269,Castings/Forgings,Automobile & Ancillaries,4,
690,Modern Steels Ltd.,INE001F01019,113303,Steel & Iron Products,Iron & Steel,4,
691,Synthiko Foils Ltd.,INE363L01029,113307,Packaging,FMCG,4,
692,Ajmera Realty & Infra India Ltd.,INE298G01027,113349,Construction - Real Estate,Realty,4,
693,Acrow India Ltd.,INE950D01012,113149,Engineering - Industrial Equipments,Capital Goods,4,
694,India Steel Works Ltd.,INE072A01029,113361,Steel & Iron Products,Iron & Steel,4,
695,Cochin Minerals & Rutile Ltd.,INE105D01013,113353,Chemicals,Chemicals,4,
696,Golkonda Aluminium Extrusions Ltd.,INE327C01031,113309,Aluminium & Aluminium Products,Non - Ferrous Metals,4,
697,Elango Industries Ltd.,INE594D01018,113452,Steel/Sponge Iron/Pig Iron,Iron & Steel,4,
698,Tata Metaliks Ltd.,INE056C01010,113434,Steel/Sponge Iron/Pig Iron,Iron & Steel,4,
699,MMTC Ltd.,INE123F01029,113377,Trading,Trading,4,
700,Vallabh Steels Ltd.,INE457E01016,113397,Steel & Iron Products,Iron & Steel,4,
701,Ashiana Ispat Ltd.,INE587D01012,113401,Steel & Iron Products,Iron & Steel,4,
702,PM Telelinks Ltd.,INE092C01015,113403,Trading,Trading,4,
703,JSW Ispat Special Products Ltd.,INE743C01021,113446,Steel & Iron Products,Iron & Steel,4,
704,Mahalaxmi Seamless Ltd.,INE257F01017,113460,Steel & Iron Products,Iron & Steel,4,
705,Kalyani Forge Ltd.,INE314G01014,113509,Forgings,Automobile & Ancillaries,4,
706,Shah Alloys Ltd.,INE640C01011,113436,Steel & Iron Products,Iron & Steel,4,
707,Mewat Zinc Ltd.,INE235U01012,113496,Trading,Trading,4,
708,SR Industries Ltd.,INE329C01011,113515,Household & Personal Products,FMCG,4,
709,Kanishk Steel Industries Ltd.,INE791E01018,113456,Steel & Iron Products,Iron & Steel,4,
710,Smiths & Founders (India) Ltd.,INE728B01032,113418,Forgings,Automobile & Ancillaries,4,
711,Simplex Castings Ltd.,INE658D01011,113472,Castings/Forgings,Automobile & Ancillaries,4,
712,Shree Steel Wire Ropes Ltd.,INE387D01025,113488,Steel & Iron Products,Iron & Steel,4,
713,Steelcast Ltd.,INE124E01020,113517,Castings/Forgings,Automobile & Ancillaries,4,
714,Southern Magnesium & Chemicals Ltd.,INE308N01012,113498,Metal - Non Ferrous,Non - Ferrous Metals,4,
715,Baroda Extrusion Ltd.,INE927K01023,113502,Metal - Non Ferrous,Non - Ferrous Metals,4,
716,Gujarat Containers Ltd.,INE276I01011,113507,Engineering - Industrial Equipments,Capital Goods,4,
717,Bloom Industries Ltd.,INE373E01015,113422,Metal - Ferrous,Iron & Steel,4,
718,Panchmahal Steel Ltd.,INE798F01010,113511,Steel & Iron Products,Iron & Steel,4,
719,Carborundum Universal Ltd.,INE120A01034,113375,Abrasives,Abrasives,4,
720,Pitti Engineering Ltd.,INE450D01021,113519,Engineering,Capital Goods,4,
721,Pradeep Metals Ltd.,INE770A01010,113532,Engineering - Industrial Equipments,Capital Goods,4,
722,Tamilnadu Steel Tubes Ltd.,INE176E01012,113540,Steel & Iron Products,Iron & Steel,4,
723,Sharda Ispat Ltd.,INE385M01012,113548,Metal - Ferrous,Iron & Steel,4,
724,Mahamaya Steel Industries Ltd.,INE451L01014,113554,Steel & Iron Products,Iron & Steel,4,
725,Nova Iron & Steel Ltd.,INE608C01026,113566,Steel & Iron Products,Iron & Steel,4,
726,Foundry Fuel Products Ltd.,INE617C01027,113579,Industrial  Gases & Fuels,Inds. Gases & Fuels,4,
727,Solid Stone Company Ltd.,INE584G01012,113699,Trading,Trading,4,
728,Axel Polymers Ltd.,INE197C01012,113642,Plastic Products,Plastic Products,4,
729,NLC India Ltd.,INE589A01014,113683,Power Generation/Distribution,Power,4,
730,Spectra Industries Ltd.,INE848B01012,113687,Auto Ancillary,Automobile & Ancillaries,4,
731,JMT Auto Ltd.,INE988E01036,113691,Auto Ancillary,Automobile & Ancillaries,4,
732,KIC Metaliks Ltd.,INE434C01027,113693,Steel/Sponge Iron/Pig Iron,Iron & Steel,4,
733,Shilp Gravures Ltd.,INE960A01017,113709,Engineering - Industrial Equipments,Capital Goods,4,
734,Loyal Textile Mills Ltd.,INE970D01010,114036,Textile,Textile,4,
735,HG Industries Ltd.,INE464C01024,113723,Miscellaneous,Miscellaneous,4,
736,Ceeta Industries Ltd.,INE760J01012,114171,Ceramics/Marble/Granite/Sanitaryware,Construction Materials,4,
737,T.T. Ltd.,INE592B01016,114142,Textile,Textile,4,
738,Deepak Spinners Ltd.,INE272C01013,114030,Textile - Spinning,Textile,4,
739,Konark Synthetic Ltd.,INE517D01019,114128,Textile,Textile,4,
740,Himatsingka Seide Ltd.,INE049A01027,114043,Textile,Textile,4,
741,BSL Ltd.,INE594B01012,114045,Textile - Weaving,Textile,4,
742,PBM Polytex Ltd.,INE501F01018,114087,Textile - Spinning,Textile,4,
743,Adinath Textiles Ltd.,INE207C01019,114113,Textile - Spinning,Textile,4,
744,Black Rose Industries Ltd.,INE761G01016,114183,Trading,Trading,4,
745,Suryalata Spinning Mills Ltd.,INE132C01027,114138,Textile - Spinning,Textile,4,
746,JBF Industries Ltd.,INE187A01017,114034,Textile - Manmade  Fibres,Textile,4,
747,Uniworth Ltd.,INE207A01013,114144,Textile - Spinning,Textile,4,
748,Rishab Special Yarns Ltd.,INE351D01013,114177,Textile - Manmade  Fibres,Textile,4,
749,Himachal Fibres Ltd.,INE723D01021,114010,Textile,Textile,4,
750,Indian Acrylics Ltd.,INE862B01013,114165,Textile - Spinning,Textile,4,
751,Ganesha Ecosphere Ltd.,INE845D01014,114167,Textile - Manmade  Fibres,Textile,4,
752,Welspun India Ltd.,INE192B01031,114162,Textile,Textile,4,
753,Vardhman Polytex Ltd.,INE835A01011,114175,Textile,Textile,4,
754,S&T Corporation Ltd.,INE110Q01015,114197,Construction - Real Estate,Realty,4,
755,K-Lifestyle Industries Ltd.,INE218A01028,114221,Textile,Textile,4,
756,Ramgopal Polytex Ltd.,INE410D01017,114223,Trading,Trading,4,
757,Sangam (India) Ltd.,INE495C01010,114234,Textile,Textile,4,
758,Binny Ltd.,INE118K01011,114215,Textile,Textile,4,
759,Sreechem Resins Ltd.,INE377C01010,114248,Chemicals,Chemicals,4,
760,IKAB Securities & Investment Ltd.,INE874A01010,114238,Finance - NBFC,Finance,4,
761,Zenith Fibres Ltd.,INE106C01013,114266,Textile - Manmade  Fibres,Textile,4,
762,Bhilwara Spinners Ltd.,INE436C01014,114272,Trading,Trading,4,
763,Aarvee Denims & Exports Ltd.,INE273D01019,114274,Textile - Weaving,Textile,4,
764,Sanrhea Technical Textiles Ltd.,INE589J01015,114280,Textile,Textile,4,
765,Ashima Ltd.,INE440A01010,114286,Textile,Textile,4,
766,Seasons Textiles Ltd.,INE707B01010,114264,Textile,Textile,4,
767,Jaihind Synthetics Ltd.,INE156E01014,114312,Trading,Trading,4,
768,Neo Infracon Ltd.,INE216I01017,114332,Construction - Real Estate,Realty,4,
769,Jattashankar Industries Ltd.,INE722N01014,114318,Textile - Manmade  Fibres,Textile,4,
770,Omnitex Industries (India) Ltd.,INE814D01010,114324,Trading,Trading,4,
771,Patspin India Ltd.,INE790C01014,114326,Textile - Spinning,Textile,4,
772,Kamadgiri Fashion Ltd.,INE535C01013,114322,Textile - Manmade  Fibres,Textile,4,
773,Raghuvir Synthetics Ltd.,INE969C01022,114316,Textile,Textile,4,
774,Genesis IBRC India Ltd.,INE194N01016,114336,Plastic Products,Plastic Products,4,
775,Gujarat Cotex Ltd.,INE004C01028,114386,Trading,Trading,4,
776,Everlon Financials Ltd.,INE339D01034,114358,Textile - Spinning,Textile,4,
777,Hindustan Adhesives Ltd.,INE074C01013,114428,Plastic Products,Plastic Products,4,
778,Blue Pearl Texspin Ltd.,INE439N01023,114440,Trading,Trading,4,
779,Atlas Jewellery India Ltd.,INE022N01019,114394,Trading,Trading,4,
780,Garware Synthetics Ltd.,INE340D01016,114400,Textile - Spinning,Textile,4,
781,Sharad Fibres & Yarn Processors Ltd.,INE638N01012,114402,Textile,Textile,4,
782,Sarup Industries Ltd.,INE305D01019,114412,Household & Personal Products,FMCG,4,
783,Premier Polyfilm Ltd.,INE309M01012,114354,Plastic Products,Plastic Products,4,
784,Jyoti Resins & Adhesives Ltd.,INE577D01013,114448,Chemicals,Chemicals,4,
785,Mangalam Organics Ltd.,INE370D01013,114418,Chemicals,Chemicals,4,
786,Thambbi Modern Spinning Mills Ltd.,INE830D01016,114484,Textile - Spinning,Textile,4,
787,Mahalaxmi Rubtech Ltd.,INE112D01035,114450,Textile,Textile,4,
788,Southern Latex Ltd.,INE410M01018,114454,Textile,Textile,4,
789,Oswal Yarns Ltd.,INE670H01017,114460,Textile,Textile,4,
790,Asahi Industries Ltd.,INE745I01015,114482,Textile - Spinning,Textile,4,
791,Duroply Industries Ltd.,INE932D01010,116003,Wood & Wood Products,Construction Materials,4,
792,Madhusudan Industries Ltd.,INE469C01023,115059,Trading,Trading,4,
793,Regency Ceramics Ltd.,INE277C01012,115018,Ceramics/Marble/Granite/Sanitaryware,Construction Materials,4,
794,Yash Pakka Ltd.,INE551D01018,116030,Paper & Paper Products,Paper,4,
795,Restile Ceramics Ltd.,INE298E01022,115085,Ceramics/Marble/Granite/Sanitaryware,Construction Materials,4,
796,Asahi India Glass Ltd.,INE439A01020,115030,Glass,Construction Materials,5,
797,Sri Vajra Granites Ltd.,INE047H01018,115081,Ceramics/Marble/Granite/Sanitaryware,Construction Materials,5,
798,Sarda Papers Ltd.,INE385D01011,116032,Paper & Paper Products,Paper,5,
799,Madhav Marbles And Granites Ltd.,INE925C01016,115093,Ceramics/Marble/Granite/Sanitaryware,Construction Materials,5,
800,Ramasigns Industries Ltd.,INE650D01026,115127,Trading,Trading,5,
801,Hindusthan National Glass & Industries Ltd.,INE952A01022,115145,Glass,Construction Materials,5,
802,Murudeshwar Ceramics Ltd.,INE692B01014,115037,Ceramics/Marble/Granite/Sanitaryware,Construction Materials,5,
803,Anant Raj Ltd.,INE242C01024,115055,Construction - Real Estate,Realty,5,
804,Saint-Gobain Sekurit India Ltd.,INE068B01017,115043,Glass,Construction Materials,5,
805,Modern Insulators Ltd.,INE219W01012,115008,Electronics - Components,Electricals,5,
806,Star Paper Mills Ltd.,INE733A01018,116022,Paper & Paper Products,Paper,5,
807,Shreyans Industries Ltd.,INE231C01019,116016,Paper & Paper Products,Paper,5,
808,National Plywood Industries Ltd.,INE497C01016,116062,Wood & Wood Products,Construction Materials,5,
809,Arrow Greentech Ltd.,INE570D01018,116064,Miscellaneous,Miscellaneous,5,
810,Subros Ltd.,INE287B01021,117168,Auto Ancillary,Automobile & Ancillaries,5,
811,NR Agarwal Industries Ltd.,INE740D01017,116082,Paper & Paper Products,Paper,5,
812,Ador Welding Ltd.,INE045A01017,117041,Electrodes & Welding Equipment,Capital Goods,5,
813,Sangal Papers Ltd.,INE384D01022,116096,Paper & Paper Products,Paper,5,
814,Aplab Ltd.,INE273A01015,117096,Electric Equipment,Capital Goods,5,
815,South India Paper Mills Ltd.,INE088G01014,116108,Paper & Paper Products,Paper,5,
816,Effulgent Infomedia Ltd.,INE125G01014,117170,Electronics - Components,Electricals,5,
817,Vindhya Telelinks Ltd.,INE707A01012,117015,Engineering - Construction,Infrastructure,5,
818,Ruttonsha International Rectifier Ltd.,INE302D01016,117035,Electronics - Components,Electricals,5,
819,Lumax Industries Ltd.,INE162B01018,117206,Auto Ancillary,Automobile & Ancillaries,5,
820,Shree Karthik Papers Ltd.,INE538D01015,116106,Paper & Paper Products,Paper,5,
821,International Data Management Ltd.,INE649R01010,117044,IT - Hardware,Consumer Durables,5,
822,Ind-Agiv Commerce Ltd.,INE115E01010,117077,Trading,Trading,5,
823,Salzer Electronics Ltd.,INE457F01013,117059,Cable,Electricals,5,
824,PCS Technology Ltd.,INE834B01012,117119,IT - Hardware,Consumer Durables,5,
825,Ventura Textiles Ltd.,INE810C01044,116098,Textile,Textile,5,
826,SPEL Semiconductor Ltd.,INE252A01019,117166,Electronics - Components,Electricals,5,
827,Jumbo Bag Ltd.,INE699D01015,116078,Plastic Products,Plastic Products,5,
828,Usha Martin Ltd.,INE228A01035,117146,Steel & Iron Products,Iron & Steel,5,
829,Switching Technologies Gunther Ltd.,INE311D01017,117201,Electronics - Components,Electricals,5,
830,Havells India Ltd.,INE176B01034,117354,Electric Equipment,Capital Goods,5,
831,Digispice Technologies Ltd.,INE927C01020,117214,IT - Software,IT,5,
832,Mindteck (India) Ltd.,INE110B01017,117344,IT - Software,IT,5,
833,Dynavision Ltd.,INE083E01010,117238,Miscellaneous,Miscellaneous,5,
834,BCC Fuba India Ltd.,INE788D01016,117246,Electronics - Components,Electricals,5,
835,Symphony Ltd.,INE225D01027,117385,Consumer Durables - Domestic Appliances,Consumer Durables,5,
836,Fine-Line Circuits Ltd.,INE087E01011,117264,Electronics - Components,Electricals,5,
837,HBL Power Systems Ltd.,INE292B01021,117271,Batteries,Automobile & Ancillaries,5,
838,S&S Power Switchgear Ltd.,INE902B01017,117273,Electric Equipment,Capital Goods,5,
839,Gujarat Industries Power Company Ltd.,INE162A01010,117300,Power Generation/Distribution,Power,5,
840,PAE Ltd.,INE766A01018,117230,Trading,Trading,5,
841,Savant Infocomm Ltd.,INE898E01011,117320,Cable,Electricals,5,
842,Gujarat Intrux Ltd.,INE877E01015,117372,Castings/Forgings,Automobile & Ancillaries,5,
843,ACI Infocom Ltd.,INE167B01025,117356,IT - Hardware,Consumer Durables,5,
844,Igarashi Motors India Ltd.,INE188B01013,117380,Electric Equipment,Capital Goods,5,
845,Precision Electronics Ltd.,INE143C01024,117258,Engineering - Construction,Infrastructure,5,
846,Incap Ltd.,INE437C01012,117370,Electronics - Components,Electricals,5,
847,Gujarat Poly Electronics Ltd.,INE541F01022,117288,Electronics - Components,Electricals,5,
848,Vintron Informatics Ltd.,INE043B01028,117393,Electronics - Components,Electricals,5,
849,Pan Electronics (India) Ltd.,INE648E01010,117397,Electronics - Components,Electricals,5,
850,Elnet Technologies Ltd.,INE033C01019,117477,IT - Software,IT,5,
851,Magna Electro Castings Ltd.,INE437D01010,117449,Castings/Forgings,Automobile & Ancillaries,5,
852,Lee & Nee Softwares (Exports) Ltd.,INE791B01014,117415,IT - Software,IT,5,
853,Patels Airtemp (India) Ltd.,INE082C01024,117417,Engineering - Industrial Equipments,Capital Goods,5,
854,Butterfly Gandhimathi Appliances Ltd.,INE295F01017,117421,Consumer Durables - Domestic Appliances,Consumer Durables,5,
855,Dutron Polymers Ltd.,INE940C01015,117437,Plastic Products,Plastic Products,5,
856,Narmada Macplast Drip Irrigation Systems Ltd.,INE060D01010,117431,Plastic Products,Plastic Products,5,
857,RS Software (India) Ltd.,INE165B01029,117447,IT - Software,IT,5,
858,Rajratan Global Wire Ltd.,INE451D01029,117522,Auto Ancillary,Automobile & Ancillaries,5,
859,Surana Telecom And Power Ltd.,INE130B01031,117530,Power Generation/Distribution,Power,5,
860,Linaks Microelectronics Ltd.,INE028C01027,117463,Electronics - Components,Electricals,5,
861,Marsons Ltd.,INE415B01044,117467,Electric Equipment,Capital Goods,5,
862,Accel Ltd.,INE258C01038,117494,IT - Hardware,Consumer Durables,5,
863,Roto Pumps Ltd.,INE535D01029,117500,Compressors / Pumps,Capital Goods,5,
864,TTK Prestige Ltd.,INE690A01028,117506,Consumer Durables - Domestic Appliances,Consumer Durables,5,
865,Onward Technologies Ltd.,INE229A01017,117536,IT - Software,IT,5,
866,D&H India Ltd.,INE589D01018,117514,Electrodes & Welding Equipment,Capital Goods,5,
867,Athena Global Technologies Ltd.,INE576B01019,117429,IT - Software,IT,5,
868,Bheema Cements Ltd.,INE333H01020,118017,Cement & Construction Materials,Construction Materials,5,
869,Alfa Transformers Ltd.,INE209C01015,117546,Electric Equipment,Capital Goods,5,
870,Starlite Components Ltd.,INE035C01022,117548,Electric Equipment,Capital Goods,5,
871,NHC Foods Ltd.,INE141C01028,117554,Consumer Food,FMCG,5,
872,Tasty Bite Eatables Ltd.,INE488B01017,119091,Consumer Food,FMCG,5,
873,Trigyn Technologies Ltd.,INE948A01012,117562,IT - Software,IT,5,
874,Modi Naturals Ltd.,INE537F01012,119003,Edible Oil,FMCG,5,
875,Keerthi Industries Ltd.,INE145L01012,118011,Cement & Construction Materials,Construction Materials,5,
876,AVT Natural Products Ltd.,INE488D01021,119105,Consumer Food,FMCG,5,
877,Anjani Portland Cement Ltd.,INE071F01012,118091,Cement & Construction Materials,Construction Materials,5,
878,Prashant India Ltd.,INE100E01012,119014,Textile,Textile,5,
879,Ritesh International Ltd.,INE534D01014,119097,Consumer Food,FMCG,5,
880,Suraj Products Ltd.,INE069E01019,118075,Steel/Sponge Iron/Pig Iron,Iron & Steel,5,
881,Shah Foods Ltd.,INE455D01012,119031,Consumer Food,FMCG,5,
882,Gujarat Sidhee Cement Ltd.,INE542A01039,118029,Cement & Construction Materials,Construction Materials,5,
883,Hindustan Foods Ltd.,INE254N01026,119126,Consumer Food,FMCG,5,
884,PVP Ventures Ltd.,INE362A01016,117556,Construction - Real Estate,Realty,5,
885,Khandelwal Extractions Ltd.,INE687W01010,119064,Solvent  Extraction,Agri,5,
886,VSF Projects Ltd.,INE923K01014,119331,Engineering - Construction,Infrastructure,5,
887,Ashiana Agro Industries Ltd.,INE709D01012,119174,Trading,Trading,5,
888,Prima Agro Ltd.,INE297D01018,119262,Consumer Food,FMCG,5,
889,Retro Green Revolution Ltd.,INE601N01010,119191,Tea/Coffee,Agri,5,
890,Saptarishi Agro Industries Ltd.,INE233P01017,119238,Agriculture,Agri,5,
891,Williamson Financial Services Ltd.,INE188E01017,119214,Finance - NBFC,Finance,5,
892,Ajanta Soya Ltd.,INE601B01023,119216,Edible Oil,FMCG,5,
893,Superior Industrial Enterprises Ltd.,INE843L01012,119234,Paper & Paper Products,Paper,5,
894,ADF Foods Ltd.,INE982B01019,119183,Consumer Food,FMCG,5,
895,Sarda Proteins Ltd.,INE995U01011,119242,Trading,Trading,5,
896,Sanwaria Consumer Ltd.,INE890C01046,119260,Edible Oil,FMCG,5,
897,Richirich Inventures Ltd.,INE102C01020,119230,Solvent  Extraction,Agri,5,
898,Tarai Foods Ltd.,INE906C01016,119285,Agriculture,Agri,5,
899,Modern Dairies Ltd.,INE617B01011,119287,Consumer Food,FMCG,5,
900,Bambino Agro Industries Ltd.,INE921D01013,119295,Consumer Food,FMCG,5,
901,Prime Industries Ltd.,INE543F01028,119299,Consumer Food,FMCG,5,
902,Madhur Industries Ltd.,INE110C01015,119279,Trading,Trading,5,
903,Bansisons Tea Industries Ltd.,INE856E01019,119353,Tea/Coffee,Agri,5,
904,Anik Industries Ltd.,INE087B01017,119383,Consumer Food,FMCG,5,
905,Sharat Industries Ltd.,INE220Z01013,119397,Consumer Food,FMCG,5,
906,KMG Milk Food Ltd.,INE873N01015,119415,Consumer Food,FMCG,5,
907,KSE Ltd.,INE953E01014,119421,Consumer Food,FMCG,5,
908,IB Infotech Enterprises Ltd.,INE678B01021,119463,Consumer Food,FMCG,5,
909,Narbada Gems And Jewellery Ltd.,INE540C01021,119455,Trading,Trading,5,
910,Virat Crane Industries Ltd.,INE295C01014,119457,Consumer Food,FMCG,5,
911,Chordia Food Products Ltd.,INE975C01011,119475,Consumer Food,FMCG,5,
912,Ambar Protein Industries Ltd.,INE072V01017,119471,Edible Oil,FMCG,5,
913,Tai Industries Ltd.,INE358D01018,119483,Trading,Trading,5,
914,BKV Industries Ltd.,INE356C01022,119500,Aquaculture,Agri,5,
915,NCC Blue Water Products Ltd.,INE630N01019,119506,Aquaculture,Agri,5,
916,Munjal Showa Ltd.,INE577A01027,120043,Auto Ancillary,Automobile & Ancillaries,5,
917,Asian Tea & Exports Ltd.,INE822B01017,119532,Trading,Trading,5,
918,Heritage Foods Ltd.,INE978A01027,119552,Consumer Food,FMCG,5,
919,Munjal Auto Industries Ltd.,INE672B01032,120059,Auto Ancillary,Automobile & Ancillaries,5,
920,Simran Farms Ltd.,INE354D01017,119566,Agriculture,Agri,5,
921,Jamna Auto Industries Ltd.,INE039C01032,120051,Auto Ancillary,Automobile & Ancillaries,5,
922,Suryo Foods & Industries Ltd.,INE565E01016,119604,Consumer Food,FMCG,5,
923,RACL Geartech Ltd.,INE704B01017,120073,Auto Ancillary,Automobile & Ancillaries,5,
924,Mahaan Foods Ltd.,INE734D01010,119612,Consumer Food,FMCG,5,
925,Rico Auto Industries Ltd.,INE209B01025,120008,Auto Ancillary,Automobile & Ancillaries,5,
926,Omax Autos Ltd.,INE090B01011,120021,Trading,Trading,5,
927,DFM Foods Ltd.,INE456C01020,119588,Consumer Food,FMCG,5,
928,Kellton Tech Solutions Ltd.,INE164B01022,119602,IT - Software,IT,5,
929,Sical Logistics Ltd.,INE075B01012,120086,Logistics,Logistics,5,
930,Ratnamani Metals & Tubes Ltd.,INE703B01027,120111,Steel & Iron Products,Iron & Steel,5,
931,Integrated Proteins Ltd.,INE177M01013,119606,Miscellaneous,Miscellaneous,5,
932,Jay Bharat Maruti Ltd.,INE571B01028,120066,Auto Ancillary,Automobile & Ancillaries,5,
933,Samkrg Pistons & Rings Ltd.,INE706B01012,120075,Auto Ancillary,Automobile & Ancillaries,5,
934,Eastcoast Steel Ltd.,INE315F01013,120081,Steel & Iron Products,Iron & Steel,5,
935,JTEKT India Ltd.,INE643A01035,120057,Auto Ancillary,Automobile & Ancillaries,5,
936,Soma Textiles & Industries Ltd.,INE314C01013,121034,Textile,Textile,5,
937,Arcee Industries Ltd.,INE276D01012,120121,Plastic Products,Plastic Products,5,
938,ABC India Ltd.,INE125D01011,120123,Logistics,Logistics,5,
939,Balurghat Technologies Ltd.,INE654B01014,120127,Logistics,Logistics,5,
940,Coastal Roadways Ltd.,INE229E01019,120131,Logistics,Logistics,5,
941,Automotive Stampings and Assemblies Ltd.,INE900C01027,120119,Auto Ancillary,Automobile & Ancillaries,5,
942,Starlog Enterprises Ltd.,INE580C01019,120155,Miscellaneous,Miscellaneous,5,
943,Pasari Spinning Mills Ltd.,INE604F01010,121080,Textile - Spinning,Textile,5,
944,Indo Count Industries Ltd.,INE483B01026,121016,Textile,Textile,5,
945,Eurotex Industries And Exports Ltd.,INE022C01012,121014,Textile - Spinning,Textile,5,
946,Maral Overseas Ltd.,INE882A01013,121018,Textile - Spinning,Textile,5,
947,Sibar Auto Parts Ltd.,INE441C01014,120141,Auto Ancillary,Automobile & Ancillaries,5,
948,Source Industries (India) Ltd.,INE695C01015,121036,Textile,Textile,5,
949,Advance Lifestyles Ltd.,INE900E01015,121048,Textile,Textile,5,
950,Kakatiya Textiles Ltd.,INE092E01011,121054,Textile - Spinning,Textile,5,
951,Perfect-Octave Media Projects Ltd.,INE814L01013,121062,TV Broadcasting & Software Production,Media & Entertainment,5,
952,Hisar Spinning Mills Ltd.,INE689E01014,121068,Textile - Spinning,Textile,5,
953,CLC Industries Ltd.,INE376C01020,121082,Textile - Spinning,Textile,5,
954,Damodar Industries Ltd.,INE497D01022,121220,Textile - Spinning,Textile,5,
955,Gangotri Textiles Ltd.,INE670B01028,121176,Textile - Spinning,Textile,5,
956,Nagreeka Exports Ltd.,INE123B01028,121109,Textile - Spinning,Textile,5,
957,Suditi Industries Ltd.,INE691D01012,121113,Textile,Textile,5,
958,Gem Spinners India Ltd.,INE165F01020,121133,Textile - Spinning,Textile,5,
959,Dhanlaxmi Fabrics Ltd.,INE953D01016,121151,Textile,Textile,5,
960,Sanblue Corporation Ltd.,INE602D01027,121222,Trading,Trading,5,
961,SIL Investments Ltd.,INE923A01015,121194,Finance - NBFC,Finance,5,
962,Suryalakshmi Cotton Mills Ltd.,INE713B01026,121200,Textile,Textile,5,
963,Cityman Ltd.,INE117C01010,121210,Textile,Textile,5,
964,Zodiac Clothing Company Ltd.,INE206B01013,121163,Textile,Textile,5,
965,Seasons Furnishings Ltd.,INE454D01015,121182,Trading,Trading,5,
966,Sri Lakshmi Saraswathi Textiles (Arni) Ltd.,INE456D01010,121161,Textile - Spinning,Textile,5,
967,Sri Ramakrishna Mills (Coimbatore) Ltd.,INE306D01017,121178,Textile - Spinning,Textile,5,
968,United Textiles Ltd.,INE727E01012,121188,Textile - Spinning,Textile,5,
969,Aditya Spinners Ltd.,INE122D01026,121141,Textile - Spinning,Textile,5,
970,Olympia Industries Ltd.,INE482O01021,121105,Retailing,Retailing,5,
971,Uniroyal Industries Ltd.,INE980D01019,121226,Textile,Textile,5,
972,Dhanalaxmi Roto Spinners Ltd.,INE220C01012,121216,Trading,Trading,5,
973,Eureka Industries Ltd.,INE958A01011,121137,Textile - Spinning,Textile,5,
974,Samtex Fashions Ltd.,INE931D01020,121206,Textile,Textile,5,
975,Felix Global Venture Ltd.,INE083G01031,121228,Textile,Textile,5,
976,Shanthi Gears Ltd.,INE631A01022,122034,Auto Ancillary,Automobile & Ancillaries,5,
977,Sunil Industries Ltd.,INE124M01015,121232,Textile,Textile,5,
978,KKRRAFTON Developers Ltd.,INE893C01032,121238,IT - Software,IT,5,
979,Sambandam Spinning Mills Ltd.,INE304D01012,121240,Textile - Spinning,Textile,5,
980,Kandagiri Spinning Mills Ltd.,INE292D01019,121242,Textile - Spinning,Textile,5,
981,Chitradurga Spintex Ltd.,INE676G01024,121244,Textile - Spinning,Textile,5,
982,Kitex Garments Ltd.,INE602G01020,121248,Textile,Textile,5,
983,Timken India Ltd.,INE325A01013,122113,Bearings,Automobile & Ancillaries,5,
984,Yuken India Ltd.,INE384C01016,122108,Engineering - Industrial Equipments,Capital Goods,5,
985,Austin Engineering Company Ltd.,INE759F01012,122005,Bearings,Automobile & Ancillaries,5,
986,United Drilling Tools Ltd.,INE961D01019,122014,Engineering - Industrial Equipments,Capital Goods,5,
987,Fluidomat Ltd.,INE459C01016,122017,Engineering - Industrial Equipments,Capital Goods,5,
988,Ema India Ltd.,INE279D01016,122027,Engineering - Industrial Equipments,Capital Goods,5,
989,Windsor Machines Ltd.,INE052A01021,122029,Engineering - Industrial Equipments,Capital Goods,5,
990,Cranex Ltd.,INE608B01010,122001,Engineering - Industrial Equipments,Capital Goods,5,
991,The Hi-Tech Gears Ltd.,INE127B01011,122073,Auto Ancillary,Automobile & Ancillaries,5,
992,Elgi Equipments Ltd.,INE285A01027,122074,Compressors / Pumps,Capital Goods,5,
993,United Van Der Horst Ltd.,INE890G01013,122091,Engineering - Industrial Equipments,Capital Goods,5,